{
"type": "FeatureCollection",
"name": "ilce_sinir",
"crs": { "type": "name", "properties": { "name": "urn:ogc:def:crs:EPSG::5254" } },
"features": [
{ "type": "Feature", "properties": { "OBJECTID": 1, "ilkn": 34, "kimlikno": 1708, "ad": "ÜSKÜDAR", "nufus": 512981, "nufus_yogunlugu": 14520.55612415, "cocuk_nufus": 19132, "cocuk_nufus_yogunluk": 3.72957283, "genc_nufus": 116958, "genc_nufus_yogunluk": 22.79967484, "yasli_nufus": 61269, "yasli_nufus_yogunluk": 11.94, "hane_halki_buyuklugu": 3.03, "kisi_basi_gelir": 26.401, "yerel_secim_2024_chp": 50.0, "yerel_secim_2024_akp": 42.0, "hemsehrilik": "Rize", "konut_bb_sayisi": 220462, "isyeri_bb_sayisi": 24248, "afet_toplanma_alani_sayisi": null, "metrobus_durak_sayisi": null, "metro_durak_sayisi": null, "otobus_hatti_sayisi": null, "kres_anaokulu_sayisi": null, "ilkogretim_okulu_sayisi": null, "lise_sayisi": null, "universite_sayisi": null, "park_sayisi": null, "dini_tesis_sayisi": null, "hastane_sayisi": null, "asm_sayisi": null, "belediye_kultur_merkezi_sayisi": null, "belediye_tesisi_sayisi": null, "sosyal_yardim_alan_aile_sayisi": 3536, "toplam_vaat_sayisi": 92, "vaat_gerceklesme_yuzdesi": 69.7, "kent_lokantasi": null, "yuvamiz_uskudar": null, "kd_bilgilendirme_ofisi": null, "emekliler_lokali": null, "ring_seferi": null, "globalid": "{356D6CF5-6EEC-4C61-BD0B-96CD700AB720}", "created_user": null, "created_date": null, "last_edited_user": "portaladmin", "last_edited_date": "2025-09-08T13:23:26Z", "uy_toplam_basvuru": 1261, "uy_basvuru_yuzdesi": null, "uy_on_basvuru_asamasi": null, "uy_teklif_asamasi": null, "uy_uzlasma_asamasi": null, "uy_sozlesme_ve_sonrasi": null, "uy_toplam_parsel": null, "uy_toplam_yapi": 5437, "uy_toplam_bb": 30529, "uy_konut_bb": 28230, "uy_ticaret_bb": 2299, "uy_geri_donus": 1225, "toplam_yapi_sayisi": 44900, "toplam_sosyal_yardim_sayisi": 61624, "Shape_Length": 37378.215279628799, "Shape_Area": 35333407.126555547 }, "geometry": { "type": "MultiPolygon", "coordinates": [ [ [ [ 421484.694799999706447, 4549571.268300000578165 ], [ 421551.714499999769032, 4549537.0965 ], [ 421553.442499999888241, 4549536.0636 ], [ 421554.612300000153482, 4549535.1184 ], [ 421606.509700000286102, 4549478.89670000039041 ], [ 421607.739500000141561, 4549477.564300000667572 ], [ 421627.270800000056624, 4549457.064099999144673 ], [ 421629.652400000020862, 4549452.731899999082088 ], [ 421638.723500000312924, 4549438.064200000837445 ], [ 421654.129800000227988, 4549416.063999999314547 ], [ 421655.817200000397861, 4549408.064200000837445 ], [ 421660.767699999734759, 4549396.784700000658631 ], [ 421662.177799999713898, 4549393.571900000795722 ], [ 421665.691999999806285, 4549385.564500000327826 ], [ 421679.129499999806285, 4549362.5647 ], [ 421690.473000000230968, 4549341.5647 ], [ 421690.502399999648333, 4549336.382500000298023 ], [ 421690.346900000236928, 4549333.375600000843406 ], [ 421691.71750000026077, 4549332.29079999960959 ], [ 421693.317099999636412, 4549330.064799999818206 ], [ 421697.004300000146031, 4549326.064799999818206 ], [ 421708.754300000146031, 4549318.565099999308586 ], [ 421709.884899999946356, 4549318.058499999344349 ], [ 421743.722199999727309, 4549297.49070000089705 ], [ 421762.660199999809265, 4549284.564600000157952 ], [ 421781.533699999563396, 4549274.506999999284744 ], [ 421806.353199999779463, 4549259.4206000007689 ], [ 421813.519899999722838, 4549255.064500000327826 ], [ 421817.301699999719858, 4549256.55629999935627 ], [ 421827.10010000038892, 4549260.421399999409914 ], [ 421868.587000000290573, 4549254.634099999442697 ], [ 421889.099499999545515, 4549251.772299999371171 ], [ 421895.662499999627471, 4549245.75650000013411 ], [ 421902.480600000359118, 4549239.50650000013411 ], [ 421903.36600000038743, 4549238.694700000807643 ], [ 421903.768500000238419, 4549231.447200000286102 ], [ 421914.164900000207126, 4549216.892000000923872 ], [ 421918.277300000190735, 4549215.349999999627471 ], [ 421922.482400000095367, 4549213.77309999987483 ], [ 421930.163200000301003, 4549205.19370000064373 ], [ 421955.479500000365078, 4549176.914599999785423 ], [ 421972.318300000391901, 4549158.7368 ], [ 421978.038900000043213, 4549156.065099999308586 ], [ 421979.468500000424683, 4549155.39750000089407 ], [ 421982.971699999645352, 4549151.564300000667572 ], [ 421984.534300000406802, 4549149.064099999144673 ], [ 421987.737900000065565, 4549130.659399999305606 ], [ 421990.040900000371039, 4549117.427300000563264 ], [ 421990.190799999982119, 4549116.5647 ], [ 421994.931300000287592, 4549108.40819999948144 ], [ 421995.402300000190735, 4549107.598400000482798 ], [ 421997.050200000405312, 4549099.9123 ], [ 421996.233, 4549095.031999999657273 ], [ 421995.356200000271201, 4549089.794199999421835 ], [ 421994.815600000321865, 4549086.565300000831485 ], [ 421994.253100000321865, 4549076.564899999648333 ], [ 421995.252899999730289, 4549070.065099999308586 ], [ 422006.888899999670684, 4549048.244300000369549 ], [ 422026.104299999773502, 4549017.160900000482798 ], [ 422029.370400000363588, 4549013.36570000089705 ], [ 422045.891800000332296, 4548994.168500000610948 ], [ 422046.357200000435114, 4548993.591 ], [ 422046.377600000239909, 4548993.565700000151992 ], [ 422046.430399999953806, 4548993.49970000050962 ], [ 422046.556900000199676, 4548993.341299999505281 ], [ 422054.888100000098348, 4548982.9123 ], [ 422059.159099999815226, 4548977.565700000151992 ], [ 422063.329599999822676, 4548973.727099999785423 ], [ 422066.293999999761581, 4548970.997899999842048 ], [ 422068.763600000180304, 4548967.594100000336766 ], [ 422071.576799999922514, 4548962.44480000063777 ], [ 422071.783900000154972, 4548962.065600000321865 ], [ 422075.855899999849498, 4548947.751499999314547 ], [ 422076.727500000037253, 4548945.9517 ], [ 422080.275500000454485, 4548938.626599999144673 ], [ 422085.57799999974668, 4548933.037699999287724 ], [ 422093.603400000371039, 4548927.73509999923408 ], [ 422099.744099999777973, 4548917.7127 ], [ 422106.127299999818206, 4548906.565600000321865 ], [ 422107.033400000073016, 4548899.065600000321865 ], [ 422113.598399999551475, 4548889.018799999728799 ], [ 422113.612900000065565, 4548888.996600000187755 ], [ 422113.637400000356138, 4548888.958000000566244 ], [ 422121.4057, 4548876.716499999165535 ], [ 422127.102900000289083, 4548871.4364 ], [ 422131.314699999988079, 4548863.566199999302626 ], [ 422129.908499999903142, 4548835.066099999472499 ], [ 422130.31209999974817, 4548829.07179999910295 ], [ 422130.346099999733269, 4548828.565999999642372 ], [ 422132.565000000409782, 4548824.566400000825524 ], [ 422136.096800000406802, 4548821.875399999320507 ], [ 422138.316200000233948, 4548820.3958 ], [ 422148.634499999694526, 4548816.239800000563264 ], [ 422156.768600000068545, 4548815.117599999532104 ], [ 422156.946800000034273, 4548815.093000000342727 ], [ 422170.727900000289083, 4548818.419600000604987 ], [ 422173.801400000229478, 4548819.044800000265241 ], [ 422177.962600000202656, 4548817.943 ], [ 422180.227800000458956, 4548814.682499999180436 ], [ 422186.898699999786913, 4548805.079900000244379 ], [ 422186.898699999786913, 4548804.693099999800324 ], [ 422186.898599999956787, 4548796.319299999624491 ], [ 422179.016499999910593, 4548769.663799999281764 ], [ 422179.876299999654293, 4548763.78800000064075 ], [ 422184.5636, 4548756.343499999493361 ], [ 422184.748800000175834, 4548756.0493 ], [ 422208.968399999663234, 4548733.835999999195337 ], [ 422213.459499999880791, 4548729.247400000691414 ], [ 422215.560700000263751, 4548727.100400000810623 ], [ 422217.815200000070035, 4548717.518300000578165 ], [ 422218.635800000280142, 4548716.280099999159575 ], [ 422221.095700000412762, 4548712.566500000655651 ], [ 422224.552699999883771, 4548709.7007 ], [ 422226.882100000046194, 4548707.61009999923408 ], [ 422229.717600000090897, 4548706.192500000819564 ], [ 422232.782700000330806, 4548704.566400000825524 ], [ 422233.88289999961853, 4548704.369699999690056 ], [ 422238.266099999658763, 4548703.586300000548363 ], [ 422246.396999999880791, 4548705.7697 ], [ 422253.011199999600649, 4548707.545499999076128 ], [ 422255.89670000039041, 4548706.694299999624491 ], [ 422262.334699999541044, 4548704.465700000524521 ], [ 422264.42949999962002, 4548703.740499999374151 ], [ 422267.568199999630451, 4548701.370500000193715 ], [ 422271.304999999701977, 4548698.548900000751019 ], [ 422278.474000000394881, 4548693.135600000619888 ], [ 422281.908400000073016, 4548689.369200000539422 ], [ 422332.8898, 4548633.458100000396371 ], [ 422338.950899999588728, 4548625.922700000926852 ], [ 422358.154699999839067, 4548614.887800000607967 ], [ 422363.027300000190735, 4548610.4452 ], [ 422380.654299999587238, 4548587.08559999987483 ], [ 422385.865699999965727, 4548577.671700000762939 ], [ 422393.982200000435114, 4548563.009500000625849 ], [ 422408.633100000210106, 4548551.559699999168515 ], [ 422411.063500000163913, 4548549.567199999466538 ], [ 422421.719800000078976, 4548532.5669 ], [ 422422.969499999657273, 4548527.066800000146031 ], [ 422421.844399999827147, 4548516.567199999466538 ], [ 422416.394199999980628, 4548494.155500000342727 ], [ 422416.24210000038147, 4548493.5472 ], [ 422415.06900000013411, 4548490.947100000455976 ], [ 422411.17960000038147, 4548482.612500000745058 ], [ 422408.456500000320375, 4548471.434499999508262 ], [ 422408.119699999690056, 4548468.102399999275804 ], [ 422407.407100000418723, 4548462.067800000309944 ], [ 422407.190399999730289, 4548451.658399999141693 ], [ 422407.126000000163913, 4548448.567900000140071 ], [ 422408.140800000168383, 4548446.211400000378489 ], [ 422413.275399999693036, 4548436.867900000885129 ], [ 422428.06319999974221, 4548413.067800000309944 ], [ 422429.286100000143051, 4548399.483300000429153 ], [ 422430.313299999572337, 4548388.068399999290705 ], [ 422433.969800000078976, 4548384.068199999630451 ], [ 422436.111999999731779, 4548382.445800000801682 ], [ 422447.580400000326335, 4548375.416500000283122 ], [ 422455.438000000081956, 4548366.568299999460578 ], [ 422469.4068, 4548343.568499999120831 ], [ 422483.581299999728799, 4548326.469399999827147 ], [ 422484.469600000418723, 4548325.568600000813603 ], [ 422485.911799999885261, 4548324.347799999639392 ], [ 422490.375599999912083, 4548320.568399999290705 ], [ 422500.344399999827147, 4548315.568099999800324 ], [ 422526.478799999691546, 4548309.812100000679493 ], [ 422534.535899999551475, 4548307.568199999630451 ], [ 422542.96889999974519, 4548304.068099999800324 ], [ 422555.90639999974519, 4548294.568099999800324 ], [ 422572.906600000336766, 4548282.568399999290705 ], [ 422588.812599999830127, 4548252.068299999460578 ], [ 422590.207700000144541, 4548238.18720000050962 ], [ 422590.255099999718368, 4548237.715600000694394 ], [ 422591.516800000332296, 4548225.164200000464916 ], [ 422593.457000000402331, 4548220.338999999687076 ], [ 422595.469800000078976, 4548217.83420000039041 ], [ 422599.068599999882281, 4548213.702299999073148 ], [ 422600.641699999570847, 4548211.895899999886751 ], [ 422600.897499999962747, 4548211.617900000885129 ], [ 422604.139000000432134, 4548210.517400000244379 ], [ 422606.750199999660254, 4548210.06870000064373 ], [ 422635.093399999663234, 4548208.068499999120831 ], [ 422638.852099999785423, 4548207.155500000342727 ], [ 422661.626299999654293, 4548201.622500000521541 ], [ 422667.286799999885261, 4548200.247300000861287 ], [ 422691.035899999551475, 4548192.683399999514222 ], [ 422705.823699999600649, 4548187.973300000652671 ], [ 422713.374699999578297, 4548185.568399999290705 ], [ 422722.343299999833107, 4548185.068099999800324 ], [ 422737.061900000087917, 4548188.567700000479817 ], [ 422748.76549999974668, 4548189.4539 ], [ 422763.436700000427663, 4548191.1228 ], [ 422770.807300000451505, 4548191.122700000181794 ], [ 422776.686700000427663, 4548191.567900000140071 ], [ 422789.678899999707937, 4548189.7303 ], [ 422793.719100000336766, 4548189.159 ], [ 422801.436900000087917, 4548188.067299999296665 ], [ 422821.998800000175834, 4548181.567500000819564 ], [ 422845.302600000053644, 4548179.3816 ], [ 422858.9989, 4548176.5669 ], [ 422873.511300000362098, 4548167.83559999987483 ], [ 422887.2489, 4548163.066800000146031 ], [ 422905.5921, 4548160.566800000146031 ], [ 422905.809899999760091, 4548160.3904 ], [ 422943.873800000175834, 4548129.567099999636412 ], [ 422966.530299999751151, 4548122.0855 ], [ 422971.498499999754131, 4548118.067099999636412 ], [ 422973.673100000247359, 4548113.755799999460578 ], [ 422976.634700000286102, 4548107.884400000795722 ], [ 422976.953099999576807, 4548102.789000000804663 ], [ 422976.966900000348687, 4548102.567199999466538 ], [ 422980.786199999973178, 4548090.2533 ], [ 422981.693900000303984, 4548087.3267 ], [ 422984.481900000013411, 4548078.336899999529123 ], [ 422984.608300000429153, 4548077.92989999987185 ], [ 422984.621500000357628, 4548077.886700000613928 ], [ 422984.793100000359118, 4548077.333499999716878 ], [ 422985.185999999754131, 4548076.067099999636412 ], [ 422985.190299999900162, 4548076.066600000485778 ], [ 422985.150500000454485, 4548075.705299999564886 ], [ 422981.564100000075996, 4548043.112299999222159 ], [ 422983.210099999792874, 4548032.881300000473857 ], [ 422988.448900000192225, 4548020.234300000593066 ], [ 422993.982900000177324, 4548011.235300000756979 ], [ 423006.846699999645352, 4547993.768300000578165 ], [ 423021.371500000357628, 4547979.856300000101328 ], [ 423037.617499999701977, 4547968.1393 ], [ 423046.090699999593198, 4547955.685599999502301 ], [ 423058.249400000087917, 4547944.367799999192357 ], [ 423097.576200000010431, 4547890.652499999850988 ], [ 423130.151300000026822, 4547844.161299999803305 ], [ 423131.092899999581277, 4547794.373500000685453 ], [ 423133.323900000192225, 4547784.776499999687076 ], [ 423133.8739, 4547775.561499999836087 ], [ 423136.005699999630451, 4547761.26549999974668 ], [ 423137.787499999627471, 4547741.047700000926852 ], [ 423142.7955, 4547723.241699999198318 ], [ 423146.201500000432134, 4547714.4527000002563 ], [ 423155.400299999862909, 4547701.219699999317527 ], [ 423161.697300000116229, 4547696.600700000301003 ], [ 423160.631099999882281, 4547683.870699999853969 ], [ 423159.54009999986738, 4547668.935900000855327 ], [ 423149.956100000068545, 4547652.003900000825524 ], [ 423145.487099999561906, 4547647.355100000277162 ], [ 423072.383100000210106, 4547605.181700000539422 ], [ 423062.541100000031292, 4547594.2149 ], [ 423052.684100000187755, 4547581.073899999260902 ], [ 423050.364099999889731, 4547574.45409999974072 ], [ 423049.440100000239909, 4547570.719100000336766 ], [ 423047.160099999979138, 4547553.124099999666214 ], [ 423045.716900000348687, 4547546.324100000783801 ], [ 423038.119900000281632, 4547521.109300000593066 ], [ 423036.402900000102818, 4547510.60329999960959 ], [ 423035.110700000077486, 4547505.331499999389052 ], [ 423031.781700000166893, 4547496.927500000223517 ], [ 423022.023699999786913, 4547481.509700000286102 ], [ 423018.328700000420213, 4547476.567700000479817 ], [ 423009.781700000166893, 4547463.266699999570847 ], [ 423004.232699999585748, 4547448.4649 ], [ 423001.629700000397861, 4547443.353900000452995 ], [ 422994.440499999560416, 4547431.306099999696016 ], [ 422984.642500000074506, 4547416.6941 ], [ 422963.323499999940395, 4547384.9715 ], [ 422949.482499999925494, 4547361.00870000012219 ], [ 422941.506299999542534, 4547349.578700000420213 ], [ 422939.032300000078976, 4547344.037900000810623 ], [ 422935.419300000183284, 4547327.1469 ], [ 422920.893299999646842, 4547296.41609999909997 ], [ 422920.360500000417233, 4547263.078700000420213 ], [ 422920.277900000102818, 4547257.921299999579787 ], [ 422920.252899999730289, 4547250.964299999177456 ], [ 422924.041699999943376, 4547226.134500000625849 ], [ 422925.450699999928474, 4547218.588500000536442 ], [ 422930.398699999786913, 4547204.675499999895692 ], [ 422946.893500000238419, 4547182.35050000064075 ], [ 422952.308100000023842, 4547180.486700000241399 ], [ 422958.137500000186265, 4547178.4803 ], [ 422975.223299999721348, 4547172.599300000816584 ], [ 423013.703900000080466, 4547144.052300000563264 ], [ 423047.876500000245869, 4547115.061699999496341 ], [ 423061.725300000049174, 4547103.313100000843406 ], [ 423066.750099999830127, 4547102.531500000506639 ], [ 423067.884899999946356, 4547102.354900000616908 ], [ 423071.021300000138581, 4547101.86710000038147 ], [ 423072.099499999545515, 4547102.003699999302626 ], [ 423094.454300000332296, 4547104.836899999529123 ], [ 423102.182099999859929, 4547104.410900000482798 ], [ 423109.077100000344217, 4547103.186699999496341 ], [ 423122.70409999974072, 4547099.429700000211596 ], [ 423142.63190000038594, 4547090.619699999690056 ], [ 423165.281700000166893, 4547076.60249999910593 ], [ 423173.44469999987632, 4547069.827299999073148 ], [ 423176.084300000220537, 4547067.636499999091029 ], [ 423183.077499999664724, 4547061.832499999552965 ], [ 423197.254300000146031, 4547047.883500000461936 ], [ 423215.974100000225008, 4547029.349300000816584 ], [ 423234.375900000333786, 4547008.084300000220537 ], [ 423240.721900000236928, 4546999.448300000280142 ], [ 423253.5477, 4546989.135299999266863 ], [ 423261.641699999570847, 4546980.248299999162555 ], [ 423269.117499999701977, 4546968.075300000607967 ], [ 423279.13329999987036, 4546954.9243 ], [ 423284.000300000421703, 4546945.354299999773502 ], [ 423284.428700000047684, 4546939.709699999541044 ], [ 423285.513100000098348, 4546925.424499999731779 ], [ 423286.897099999710917, 4546916.029500000178814 ], [ 423291.037100000306964, 4546903.168500000610948 ], [ 423295.785899999551475, 4546896.310499999672174 ], [ 423310.876699999906123, 4546878.815500000491738 ], [ 423319.230700000189245, 4546871.4605 ], [ 423333.063900000415742, 4546862.7719 ], [ 423335.416500000283122, 4546861.294299999251962 ], [ 423339.185499999672174, 4546859.501299999654293 ], [ 423340.759499999694526, 4546858.2653 ], [ 423342.200500000268221, 4546852.567299999296665 ], [ 423341.50650000013411, 4546848.517300000414252 ], [ 423339.903900000266731, 4546845.346699999645352 ], [ 423338.305499999783933, 4546842.184499999508262 ], [ 423337.007299999706447, 4546832.021500000730157 ], [ 423347.874900000169873, 4546807.280099999159575 ], [ 423349.655100000090897, 4546803.22749999910593 ], [ 423352.806099999696016, 4546793.148499999195337 ], [ 423353.733099999837577, 4546786.776499999687076 ], [ 423352.068099999800324, 4546777.5767 ], [ 423351.990899999625981, 4546769.3147 ], [ 423347.46889999974519, 4546752.695699999108911 ], [ 423346.509899999946356, 4546745.926899999380112 ], [ 423344.785699999891222, 4546740.204900000244379 ], [ 423341.84389999974519, 4546730.442299999296665 ], [ 423341.578700000420213, 4546729.561899999156594 ], [ 423339.794700000435114, 4546725.642899999395013 ], [ 423339.020700000226498, 4546723.718900000676513 ], [ 423337.981700000353158, 4546721.678899999707937 ], [ 423337.045699999667704, 4546719.5921 ], [ 423335.932699999772012, 4546717.7061 ], [ 423334.471699999645352, 4546714.11710000038147 ], [ 423332.681699999608099, 4546709.6261 ], [ 423331.942699999548495, 4546707.895099999383092 ], [ 423330.803700000047684, 4546705.776100000366569 ], [ 423330.64670000039041, 4546702.621099999174476 ], [ 423330.992700000293553, 4546699.109099999070168 ], [ 423331.167299999855459, 4546697.127499999478459 ], [ 423331.350700000301003, 4546695.0471 ], [ 423331.689699999988079, 4546690.633099999278784 ], [ 423331.92850000038743, 4546686.189099999144673 ], [ 423331.952499999664724, 4546680.636299999430776 ], [ 423332.111499999649823, 4546677.724300000816584 ], [ 423333.128499999642372, 4546675.4233 ], [ 423334.274500000290573, 4546674.102299999445677 ], [ 423335.60950000025332, 4546672.823699999600649 ], [ 423336.780500000342727, 4546671.702299999073148 ], [ 423337.599499999545515, 4546669.1173 ], [ 423337.279500000178814, 4546666.2983 ], [ 423336.624499999918044, 4546663.911299999803305 ], [ 423335.941499999724329, 4546661.7873 ], [ 423335.530299999751151, 4546660.6941 ], [ 423334.550499999895692, 4546658.089299999177456 ], [ 423333.355499999597669, 4546655.064300000667572 ], [ 423332.093299999833107, 4546652.2193 ], [ 423329.720300000160933, 4546646.356300000101328 ], [ 423328.225300000049174, 4546640.798499999567866 ], [ 423327.194299999624491, 4546636.454500000923872 ], [ 423326.256299999542534, 4546633.011499999091029 ], [ 423325.509300000034273, 4546628.97550000064075 ], [ 423325.220300000160933, 4546627.304500000551343 ], [ 423324.432300000451505, 4546625.962500000372529 ], [ 423322.682300000451505, 4546624.808499999344349 ], [ 423321.541299999691546, 4546623.85950000025332 ], [ 423320.950299999676645, 4546622.19649999961257 ], [ 423320.599299999885261, 4546620.651499999687076 ], [ 423320.099299999885261, 4546619.089500000700355 ], [ 423319.731300000101328, 4546617.740499999374151 ], [ 423319.306300000287592, 4546616.213700000196695 ], [ 423318.688299999572337, 4546613.706700000911951 ], [ 423318.313299999572337, 4546611.801699999719858 ], [ 423318.006299999542534, 4546605.895700000226498 ], [ 423317.932099999859929, 4546601.350700000301003 ], [ 423318.066300000064075, 4546598.793700000271201 ], [ 423318.11710000038147, 4546597.8267 ], [ 423318.551099999807775, 4546594.948699999600649 ], [ 423320.026100000366569, 4546590.684699999168515 ], [ 423321.621100000105798, 4546586.39670000039041 ], [ 423323.556099999696016, 4546582.811699999496341 ], [ 423325.399100000038743, 4546579.515699999406934 ], [ 423327.134899999946356, 4546576.355699999257922 ], [ 423327.990899999625981, 4546574.899700000882149 ], [ 423329.346900000236928, 4546570.407700000330806 ], [ 423330.00690000038594, 4546568.061699999496341 ], [ 423331.59389999974519, 4546563.9507 ], [ 423332.380900000222027, 4546561.419700000435114 ], [ 423333.406899999827147, 4546559.526699999347329 ], [ 423335.335900000296533, 4546556.254699999466538 ], [ 423336.448900000192225, 4546554.134700000286102 ], [ 423337.762900000438094, 4546552.255699999630451 ], [ 423339.201700000092387, 4546550.316700000315905 ], [ 423340.333700000308454, 4546548.639699999243021 ], [ 423341.520700000226498, 4546546.696699999272823 ], [ 423342.235700000077486, 4546544.498700000345707 ], [ 423342.724700000137091, 4546542.265699999406934 ], [ 423343.247700000181794, 4546539.402699999511242 ], [ 423343.725700000301003, 4546535.9759 ], [ 423344.138700000010431, 4546533.45890000090003 ], [ 423344.447700000368059, 4546530.541899999603629 ], [ 423345.051699999719858, 4546525.4419 ], [ 423346.049499999731779, 4546521.241900000721216 ], [ 423346.839499999769032, 4546518.274900000542402 ], [ 423347.74349999986589, 4546516.1119 ], [ 423348.725499999709427, 4546512.6418999992311 ], [ 423350.289499999955297, 4546508.801899999380112 ], [ 423351.078499999828637, 4546506.311899999156594 ], [ 423353.606499999761581, 4546500.9989 ], [ 423354.462899999693036, 4546498.840700000524521 ], [ 423355.964300000108778, 4546495.056900000199676 ], [ 423356.661700000055134, 4546494.031899999827147 ], [ 423359.319299999624491, 4546490.126900000497699 ], [ 423361.51630000025034, 4546484.2029 ], [ 423362.75829999987036, 4546479.809900000691414 ], [ 423363.807099999859929, 4546476.479299999773502 ], [ 423364.273299999535084, 4546474.9989 ], [ 423364.941100000403821, 4546470.299900000914931 ], [ 423365.420099999755621, 4546466.42989999987185 ], [ 423365.95409999974072, 4546463.152899999171495 ], [ 423368.203099999576807, 4546457.821100000292063 ], [ 423370.186099999584258, 4546453.595100000500679 ], [ 423371.839100000448525, 4546449.64809999987483 ], [ 423373.299100000411272, 4546445.534099999815226 ], [ 423373.714900000020862, 4546442.965099999681115 ], [ 423374.186900000087917, 4546439.777100000530481 ], [ 423374.604899999685585, 4546436.471100000664592 ], [ 423374.876899999566376, 4546432.914100000634789 ], [ 423374.63289999961853, 4546428.159099999815226 ], [ 423374.810899999924004, 4546425.528100000694394 ], [ 423373.081899999640882, 4546419.997099999338388 ], [ 423372.122899999842048, 4546416.636099999770522 ], [ 423371.841900000348687, 4546413.124099999666214 ], [ 423371.92090000025928, 4546412.142899999395013 ], [ 423372.008899999782443, 4546411.051100000739098 ], [ 423372.069899999536574, 4546407.619300000369549 ], [ 423371.651700000278652, 4546404.420299999415874 ], [ 423369.0777000002563, 4546399.270300000905991 ], [ 423365.096699999645352, 4546393.063300000503659 ], [ 423361.421699999831617, 4546386.398299999535084 ], [ 423357.243700000457466, 4546380.251499999314547 ], [ 423354.853699999861419, 4546377.933499999344349 ], [ 423354.180100000463426, 4546377.51630000025034 ], [ 423350.78870000038296, 4546375.415500000119209 ], [ 423346.096699999645352, 4546370.920499999076128 ], [ 423341.061700000427663, 4546366.176699999719858 ], [ 423338.161700000055134, 4546363.86769999936223 ], [ 423329.634700000286102, 4546357.0777000002563 ], [ 423324.755699999630451, 4546349.42989999987185 ], [ 423321.138700000010431, 4546340.144899999722838 ], [ 423319.031700000166893, 4546333.6418999992311 ], [ 423317.841699999757111, 4546325.983899999409914 ], [ 423317.807500000111759, 4546314.246099999174476 ], [ 423313.683500000275671, 4546289.073100000619888 ], [ 423312.871500000357628, 4546282.73509999923408 ], [ 423312.408300000242889, 4546275.868300000205636 ], [ 423313.245299999602139, 4546266.559299999848008 ], [ 423314.704300000332296, 4546260.428300000727177 ], [ 423317.092299999669194, 4546255.4233 ], [ 423320.216099999845028, 4546250.994300000369549 ], [ 423330.860100000165403, 4546240.91330000013113 ], [ 423336.372100000269711, 4546236.479299999773502 ], [ 423338.56290000025183, 4546233.531300000846386 ], [ 423361.649699999950826, 4546189.322300000116229 ], [ 423363.826500000432134, 4546186.699300000444055 ], [ 423367.750500000081956, 4546183.82630000077188 ], [ 423372.32149999961257, 4546181.090299999341369 ], [ 423377.509499999694526, 4546179.14130000025034 ], [ 423381.887500000186265, 4546178.352299999445677 ], [ 423386.646499999798834, 4546178.685100000351667 ], [ 423391.977300000376999, 4546178.4561 ], [ 423396.915300000458956, 4546176.697100000455976 ], [ 423409.962299999780953, 4546169.701099999248981 ], [ 423413.656299999915063, 4546166.31110000051558 ], [ 423428.929100000299513, 4546142.780099999159575 ], [ 423434.113300000317395, 4546138.332299999892712 ], [ 423436.296900000423193, 4546136.459100000560284 ], [ 423438.770899999886751, 4546132.425100000575185 ], [ 423449.821700000204146, 4546107.790100000798702 ], [ 423450.627700000070035, 4546104.341099999845028 ], [ 423450.603699999861419, 4546097.306099999696016 ], [ 423449.607699999585748, 4546094.5011 ], [ 423449.199099999852479, 4546094.091900000348687 ], [ 423445.011699999682605, 4546089.89809999987483 ], [ 423442.509700000286102, 4546085.45130000077188 ], [ 423440.961500000208616, 4546081.769300000742078 ], [ 423440.349499999545515, 4546076.15430000051856 ], [ 423440.203499999828637, 4546070.428300000727177 ], [ 423441.948499999940395, 4546060.4463 ], [ 423450.265300000086427, 4546035.2335 ], [ 423450.606100000441074, 4546033.124500000849366 ], [ 423451.162299999967217, 4546029.684499999508262 ], [ 423451.957100000232458, 4546015.847500000149012 ], [ 423448.952100000344217, 4545989.619699999690056 ], [ 423448.750900000333786, 4545986.192099999636412 ], [ 423447.779900000430644, 4545969.648700000718236 ], [ 423445.72690000012517, 4545956.346699999645352 ], [ 423444.325899999588728, 4545949.252900000661612 ], [ 423443.128700000233948, 4545937.433900000527501 ], [ 423443.0307, 4545921.455900000408292 ], [ 423441.221699999645352, 4545910.136099999770522 ], [ 423438.991499999538064, 4545896.3651 ], [ 423433.287499999627471, 4545883.957299999892712 ], [ 423431.888500000350177, 4545873.772299999371171 ], [ 423432.284300000406802, 4545861.562300000339746 ], [ 423433.99930000025779, 4545856.837300000712276 ], [ 423439.375300000421703, 4545849.50929999910295 ], [ 423442.800300000235438, 4545843.215299999341369 ], [ 423444.078900000080466, 4545838.9441 ], [ 423444.335099999792874, 4545838.088300000876188 ], [ 423444.347099999897182, 4545837.908700000494719 ], [ 423444.52309999987483, 4545835.270300000905991 ], [ 423444.305100000463426, 4545829.6722999997437 ], [ 423440.625099999830127, 4545816.036499999463558 ], [ 423440.439100000075996, 4545812.741499999538064 ], [ 423441.594100000336766, 4545805.758500000461936 ], [ 423443.560899999924004, 4545802.819499999284744 ], [ 423445.521900000050664, 4545801.523499999195337 ], [ 423452.585900000296533, 4545799.199500000104308 ], [ 423456.867899999953806, 4545795.900499999523163 ], [ 423468.760700000450015, 4545779.125499999150634 ], [ 423474.559700000099838, 4545777.206499999389052 ], [ 423475.924100000411272, 4545776.737299999222159 ], [ 423480.160699999891222, 4545775.280500000342727 ], [ 423483.740500000305474, 4545769.978499999269843 ], [ 423486.25650000013411, 4545764.959499999880791 ], [ 423486.86849999986589, 4545761.436499999836087 ], [ 423486.14049999974668, 4545753.97749999910593 ], [ 423486.982499999925494, 4545747.412900000810623 ], [ 423492.086099999956787, 4545707.62470000050962 ], [ 423492.321100000292063, 4545697.641699999570847 ], [ 423493.472099999897182, 4545693.813699999824166 ], [ 423494.271099999547005, 4545685.959699999541044 ], [ 423493.963100000284612, 4545682.46169999986887 ], [ 423492.163099999539554, 4545676.99269999936223 ], [ 423491.987900000065565, 4545671.924900000914931 ], [ 423493.491899999789894, 4545666.006899999454618 ], [ 423495.891900000162423, 4545662.167899999767542 ], [ 423499.647900000214577, 4545657.33390000090003 ], [ 423508.276700000278652, 4545640.088899999856949 ], [ 423508.675099999643862, 4545639.079500000923872 ], [ 423511.669700000435114, 4545631.492900000885129 ], [ 423514.416500000283122, 4545621.158900000154972 ], [ 423515.552500000223517, 4545617.6579 ], [ 423518.624499999918044, 4545610.427899999544024 ], [ 423520.924499999731779, 4545605.859899999573827 ], [ 423522.547500000335276, 4545600.210899999365211 ], [ 423527.089300000108778, 4545586.338899999856949 ], [ 423527.246700000017881, 4545582.697300000116229 ], [ 423527.313299999572337, 4545581.155899999663234 ], [ 423526.816300000064075, 4545577.453099999576807 ], [ 423524.8273, 4545567.243100000545382 ], [ 423525.199099999852479, 4545560.159099999815226 ], [ 423526.403099999763072, 4545552.059100000187755 ], [ 423527.77309999987483, 4545547.714099999517202 ], [ 423530.421099999919534, 4545542.701099999248981 ], [ 423532.927899999544024, 4545535.753699999302626 ], [ 423533.107099999673665, 4545535.257099999114871 ], [ 423533.855899999849498, 4545530.096100000664592 ], [ 423535.271900000050664, 4545524.701099999248981 ], [ 423535.462899999693036, 4545521.817099999636412 ], [ 423534.926300000399351, 4545513.798100000247359 ], [ 423534.58490000013262, 4545508.697300000116229 ], [ 423534.618900000117719, 4545504.885299999266863 ], [ 423536.435700000263751, 4545499.3103 ], [ 423539.186700000427663, 4545496.471300000324845 ], [ 423543.527700000442564, 4545493.30629999935627 ], [ 423548.829699999652803, 4545490.709300000220537 ], [ 423555.408699999563396, 4545488.955299999564886 ], [ 423564.739500000141561, 4545487.386099999770522 ], [ 423575.931499999947846, 4545482.283099999651313 ], [ 423595.226300000213087, 4545470.56110000051558 ], [ 423623.176500000059605, 4545459.1809 ], [ 423627.190100000239909, 4545457.546900000423193 ], [ 423624.690100000239909, 4545442.449899999424815 ], [ 423622.147900000214577, 4545433.42850000038743 ], [ 423618.538900000043213, 4545420.620100000873208 ], [ 423611.450500000268221, 4545409.161499999463558 ], [ 423606.504900000058115, 4545401.166300000622869 ], [ 423601.20990000013262, 4545395.411299999803305 ], [ 423590.664900000207126, 4545384.445499999448657 ], [ 423586.777900000102818, 4545378.763499999418855 ], [ 423576.091900000348687, 4545367.100700000301003 ], [ 423558.656899999827147, 4545356.1809 ], [ 423551.646900000050664, 4545351.053899999707937 ], [ 423542.925900000147521, 4545341.716900000348687 ], [ 423538.597900000400841, 4545334.293099999427795 ], [ 423531.75069999974221, 4545320.731100000441074 ], [ 423524.081699999980628, 4545303.684299999848008 ], [ 423512.379499999806285, 4545263.720499999821186 ], [ 423512.10950000025332, 4545258.02250000089407 ], [ 423512.810499999672174, 4545249.781700000166893 ], [ 423517.020299999974668, 4545228.081700000911951 ], [ 423517.751299999654293, 4545223.11570000089705 ], [ 423518.832299999892712, 4545210.067700000479817 ], [ 423521.391099999658763, 4545190.707900000736117 ], [ 423524.258100000210106, 4545176.185900000855327 ], [ 423526.676900000311434, 4545168.019899999722838 ], [ 423530.269899999722838, 4545160.593900000676513 ], [ 423533.70990000013262, 4545155.912900000810623 ], [ 423539.120699999853969, 4545151.686899999156594 ], [ 423540.776700000278652, 4545141.353900000452995 ], [ 423539.553700000047684, 4545136.098899999633431 ], [ 423533.874699999578297, 4545127.6261 ], [ 423531.357699999585748, 4545124.82909999974072 ], [ 423526.290699999779463, 4545118.5801 ], [ 423519.898699999786913, 4545108.731300000101328 ], [ 423516.523699999786913, 4545102.450300000607967 ], [ 423502.711500000208616, 4545078.424499999731779 ], [ 423491.856499999761581, 4545063.040699999779463 ], [ 423470.627500000409782, 4545035.784900000318885 ], [ 423456.399500000290573, 4545017.716099999845028 ], [ 423442.856499999761581, 4545003.380300000309944 ], [ 423406.998499999754131, 4544974.6447 ], [ 423392.034500000067055, 4544961.697699999436736 ], [ 423372.119500000029802, 4544938.49210000038147 ], [ 423365.32050000037998, 4544931.8881 ], [ 423347.960500000044703, 4544920.783299999311566 ], [ 423324.193500000052154, 4544907.729499999433756 ], [ 423318.060499999672174, 4544903.752499999478459 ], [ 423297.507500000298023, 4544882.7357 ], [ 423292.268299999646842, 4544861.567700000479817 ], [ 423290.922500000335276, 4544856.129899999126792 ], [ 423280.113699999637902, 4544834.309100000187755 ], [ 423277.404299999587238, 4544828.839099999517202 ], [ 423267.730299999937415, 4544802.099300000816584 ], [ 423247.983900000341237, 4544763.345300000160933 ], [ 423247.766099999658763, 4544762.917700000107288 ], [ 423247.722099999897182, 4544762.113500000908971 ], [ 423244.741899999789894, 4544707.629899999126792 ], [ 423244.738300000317395, 4544707.513499999418855 ], [ 423242.875500000081956, 4544647.940300000831485 ], [ 423241.229500000365078, 4544641.2149 ], [ 423207.127100000157952, 4544501.876700000837445 ], [ 423204.871700000017881, 4544492.6623 ], [ 423199.740500000305474, 4544486.921499999240041 ], [ 423197.479700000025332, 4544484.392300000414252 ], [ 423156.421900000423193, 4544452.561699999496341 ], [ 423153.99349999986589, 4544456.099500000476837 ], [ 423153.319899999536574, 4544457.080700000748038 ], [ 423151.77170000039041, 4544455.752100000157952 ], [ 423108.106900000013411, 4544418.284299999475479 ], [ 423107.92850000038743, 4544418.151900000870228 ], [ 423095.340900000184774, 4544408.812300000339746 ], [ 423043.037100000306964, 4544395.1097 ], [ 423025.050099999643862, 4544389.872899999842048 ], [ 422981.237300000153482, 4544372.465299999341369 ], [ 422967.225700000301003, 4544368.247700000181794 ], [ 422914.292500000447035, 4544352.31389999948442 ], [ 422896.541699999943376, 4544350.576899999752641 ], [ 422872.972699999809265, 4544348.976099999621511 ], [ 422858.231700000353158, 4544344.849300000816584 ], [ 422846.744900000281632, 4544341.637299999594688 ], [ 422824.829900000244379, 4544333.127499999478459 ], [ 422791.461900000460446, 4544320.631899999454618 ], [ 422772.7341, 4544314.58809999935329 ], [ 422754.00690000038594, 4544309.387900000438094 ], [ 422752.056099999696016, 4544308.846100000664592 ], [ 422747.0329, 4544306.866100000217557 ], [ 422741.006099999882281, 4544304.490299999713898 ], [ 422733.744900000281632, 4544300.222300000488758 ], [ 422722.489099999889731, 4544293.606499999761581 ], [ 422661.73450000025332, 4544258.079299999400973 ], [ 422659.360700000077486, 4544256.691099999472499 ], [ 422657.463100000284612, 4544253.562699999660254 ], [ 422671.926699999719858, 4544150.0515 ], [ 422674.138500000350177, 4544130.898499999195337 ], [ 422688.499099999666214, 4544087.847699999809265 ], [ 422698.091099999845028, 4544064.942700000479817 ], [ 422712.399699999950826, 4544037.85869999974966 ], [ 422736.173499999567866, 4543998.037699999287724 ], [ 422754.899100000038743, 4543970.5537 ], [ 422766.631099999882281, 4543955.2577 ], [ 422789.274699999950826, 4543928.184699999168515 ], [ 422797.73369999974966, 4543918.543700000271201 ], [ 422804.707499999552965, 4543910.578700000420213 ], [ 422812.186499999836087, 4543903.506699999794364 ], [ 422852.654099999926984, 4543868.382500000298023 ], [ 422882.288900000043213, 4543846.400499999523163 ], [ 422918.542200000025332, 4543814.921800000593066 ], [ 422925.004099999554455, 4543809.310599999502301 ], [ 422938.129099999554455, 4543797.914200000464916 ], [ 422946.642699999734759, 4543790.659 ], [ 422985.781200000084937, 4543757.596999999135733 ], [ 423014.088700000196695, 4543729.438999999314547 ], [ 423010.812300000339746, 4543724.195599999278784 ], [ 422993.423100000247359, 4543694.659199999645352 ], [ 422963.201399999670684, 4543687.4989 ], [ 422945.854199999943376, 4543684.0077 ], [ 422932.981999999843538, 4543679.638399999588728 ], [ 422910.95990000013262, 4543671.773399999365211 ], [ 422907.123800000175834, 4543670.433900000527501 ], [ 422885.225999999791384, 4543662.700200000777841 ], [ 422887.066499999724329, 4543659.265599999576807 ], [ 422888.543200000189245, 4543656.796599999070168 ], [ 422892.752100000157952, 4543647.377100000157952 ], [ 422908.006299999542534, 4543617.4123 ], [ 422917.722400000318885, 4543569.911499999463558 ], [ 422924.346499999985099, 4543533.148499999195337 ], [ 422923.158999999985099, 4543510.648499999195337 ], [ 422915.721300000324845, 4543465.148600000888109 ], [ 422909.574199999682605, 4543435.115800000727177 ], [ 422896.220999999903142, 4543378.148800000548363 ], [ 422890.502100000157952, 4543349.648900000378489 ], [ 422891.377100000157952, 4543332.648900000378489 ], [ 422894.033300000242889, 4543318.148900000378489 ], [ 422904.095700000412762, 4543281.148900000378489 ], [ 422925.5329, 4543220.149000000208616 ], [ 422936.095300000160933, 4543183.149000000208616 ], [ 422949.425900000147521, 4543155.706700000911951 ], [ 422959.041100000031292, 4543138.923000000417233 ], [ 422986.380800000391901, 4543106.161399999633431 ], [ 422986.86739999987185, 4543105.918099999427795 ], [ 422987.447900000028312, 4543104.895600000396371 ], [ 422987.43790000025183, 4543104.847899999469519 ], [ 423003.055800000205636, 4543059.413899999111891 ], [ 423005.942300000227988, 4543057.272199999541044 ], [ 423025.062699999660254, 4543043.085899999365211 ], [ 423044.792799999937415, 4543000.01380000077188 ], [ 423072.687400000169873, 4542993.005100000649691 ], [ 423073.1239, 4542991.158099999651313 ], [ 423098.772300000302494, 4542915.86629999987781 ], [ 423104.762699999846518, 4542903.788699999451637 ], [ 423150.069500000216067, 4542812.443299999460578 ], [ 423198.49210000038147, 4542669.552899999544024 ], [ 423200.538499999791384, 4542663.514699999243021 ], [ 423203.680100000463426, 4542652.6689 ], [ 423203.706500000320375, 4542652.60359999909997 ], [ 423208.953599999658763, 4542638.688300000503659 ], [ 423242.790300000458956, 4542539.162799999117851 ], [ 423258.414900000207126, 4542486.66300000064075 ], [ 423270.761199999600649, 4542434.005100000649691 ], [ 423303.973199999891222, 4542427.625499999150634 ], [ 423307.90749999973923, 4542424.572200000286102 ], [ 423314.472299999557436, 4542406.787200000137091 ], [ 423318.359899999573827, 4542402.547900000587106 ], [ 423334.75829999987036, 4542398.763499999418855 ], [ 423347.36670000012964, 4542390.529400000348687 ], [ 423352.161600000225008, 4542380.811899999156594 ], [ 423356.72620000038296, 4542372.662799999117851 ], [ 423361.261599999852479, 4542364.025800000876188 ], [ 423381.50690000038594, 4542299.16300000064075 ], [ 423383.64740000013262, 4542288.375099999830127 ], [ 423388.798799999989569, 4542260.497700000181794 ], [ 423390.392300000414252, 4542250.502299999818206 ], [ 423397.037700000219047, 4542220.163200000301003 ], [ 423392.854700000025332, 4542200.669600000604987 ], [ 423390.818799999542534, 4542192.1634 ], [ 423388.568599999882281, 4542171.663499999791384 ], [ 423386.256199999712408, 4542158.663599999621511 ], [ 423366.207799999974668, 4542158.635500000789762 ], [ 423365.60219999961555, 4542107.05320000089705 ], [ 423365.095999999903142, 4542103.0537 ], [ 423364.400500000454485, 4542099.745899999514222 ], [ 423363.127100000157952, 4542095.521299999207258 ], [ 423362.135099999606609, 4542093.550499999895692 ], [ 423361.240899999625981, 4542090.996300000697374 ], [ 423358.963200000114739, 4542086.834899999201298 ], [ 423356.648699999786913, 4542083.442600000649691 ], [ 423353.99930000025779, 4542080.239199999719858 ], [ 423351.226599999703467, 4542077.444399999454618 ], [ 423348.253700000233948, 4542074.930700000375509 ], [ 423344.508799999952316, 4542072.327199999243021 ], [ 423341.480700000189245, 4542070.602900000289083 ], [ 423337.129999999888241, 4542069.266799999400973 ], [ 423334.763399999588728, 4542067.784299999475479 ], [ 423329.637600000016391, 4542066.438999999314547 ], [ 423358.550200000405312, 4542062.799000000581145 ], [ 423356.18059999961406, 4542031.19539999961853 ], [ 423350.432900000363588, 4542031.252100000157952 ], [ 423305.723100000061095, 4542031.997400000691414 ], [ 423288.198300000280142, 4542032.289599999785423 ], [ 423271.39919999986887, 4542032.569599999114871 ], [ 423264.128999999724329, 4542032.378799999132752 ], [ 423250.800900000147521, 4542032.028599999845028 ], [ 423210.088700000196695, 4542029.768799999728799 ], [ 423177.862399999983609, 4542027.546299999579787 ], [ 423151.112999999895692, 4542024.530099999159575 ], [ 423112.219100000336766, 4542019.688200000673532 ], [ 423077.135300000198185, 4542013.6557 ], [ 423028.160799999721348, 4542003.813200000673532 ], [ 422989.901999999769032, 4541994.288100000470877 ], [ 422964.819500000216067, 4541986.747500000521541 ], [ 422922.115600000135601, 4541974.841199999675155 ], [ 422859.964900000020862, 4541952.536800000816584 ], [ 422817.022900000214577, 4541935.232999999076128 ], [ 422773.476800000295043, 4541915.726600000634789 ], [ 422672.723299999721348, 4541866.090600000694394 ], [ 422590.252500000409782, 4541822.27559999935329 ], [ 422497.833300000056624, 4541772.427999999374151 ], [ 422469.62459999974817, 4541759.089099999517202 ], [ 422405.730100000277162, 4541727.518699999898672 ], [ 422381.81180000025779, 4541716.9353 ], [ 422325.71999999973923, 4541694.075300000607967 ], [ 422267.749699999578297, 4541673.517100000753999 ], [ 422222.505800000391901, 4541658.700400000438094 ], [ 422193.269299999810755, 4541651.4244 ], [ 422150.803600000217557, 4541640.0472999997437 ], [ 422116.010800000280142, 4541633.3004 ], [ 422028.962700000032783, 4541619.012800000607967 ], [ 422014.409099999815226, 4541617.626800000667572 ], [ 422014.109199999831617, 4541617.5647 ], [ 422012.875199999660254, 4541617.3092 ], [ 422005.771099999547005, 4541615.8388 ], [ 421987.350399999879301, 4541613.522199999541044 ], [ 421984.139899999834597, 4541613.1721 ], [ 421983.174700000323355, 4541609.125099999830127 ], [ 421982.798299999907613, 4541607.546900000423193 ], [ 421975.353400000371039, 4541576.32880000025034 ], [ 421963.126000000163913, 4541500.464500000700355 ], [ 421955.268600000068545, 4541407.568900000303984 ], [ 421947.281299999915063, 4541311.542500000447035 ], [ 421947.24309999961406, 4541304.718800000846386 ], [ 421948.487399999983609, 4541279.811899999156594 ], [ 421948.6102, 4541278.986600000411272 ], [ 421948.748399999924004, 4541278.082000000402331 ], [ 421948.884499999694526, 4541277.212799999862909 ], [ 421949.058899999596179, 4541276.1294 ], [ 421949.168600000441074, 4541275.463999999687076 ], [ 421949.269399999640882, 4541274.863099999725819 ], [ 421949.331500000320375, 4541274.497600000351667 ], [ 421949.408800000324845, 4541274.0472999997437 ], [ 421949.481599999591708, 4541273.628100000321865 ], [ 421949.562599999830127, 4541273.166899999603629 ], [ 421949.667500000447035, 4541272.577600000426173 ], [ 421949.825000000186265, 4541271.709000000730157 ], [ 421949.943300000391901, 4541271.068499999120831 ], [ 421950.099600000306964, 4541270.237400000914931 ], [ 421950.260999999940395, 4541269.395700000226498 ], [ 421950.380199999548495, 4541268.784800000488758 ], [ 421950.473199999891222, 4541268.31389999948442 ], [ 421950.63399999961257, 4541267.5121 ], [ 421950.742700000293553, 4541266.977800000458956 ], [ 421950.886800000444055, 4541266.2796 ], [ 421951.070899999700487, 4541265.402599999681115 ], [ 421951.231200000271201, 4541264.652200000360608 ], [ 421951.448300000280142, 4541263.655200000852346 ], [ 421951.603500000201166, 4541262.954800000414252 ], [ 421951.811700000427663, 4541262.030600000172853 ], [ 421951.997999999672174, 4541261.218399999663234 ], [ 421952.118200000375509, 4541260.701500000432134 ], [ 421952.320700000040233, 4541259.8421 ], [ 421952.447499999776483, 4541259.311300000175834 ], [ 421952.571899999864399, 4541258.796 ], [ 421952.693300000391901, 4541258.297800000756979 ], [ 421952.792899999767542, 4541257.8925 ], [ 421952.971099999733269, 4541257.175599999725819 ], [ 421953.242200000211596, 4541256.10249999910593 ], [ 421953.341699999757111, 4541255.714199999347329 ], [ 421953.434000000357628, 4541255.356100000441074 ], [ 421953.571299999952316, 4541254.828099999576807 ], [ 421953.80460000038147, 4541253.942199999466538 ], [ 421954.07039999961853, 4541252.9496 ], [ 421954.228699999861419, 4541252.36710000038147 ], [ 421954.386800000444055, 4541251.790699999779463 ], [ 421954.5466, 4541251.213899999856949 ], [ 421954.715699999593198, 4541250.6097999997437 ], [ 421954.928899999707937, 4541249.857100000604987 ], [ 421955.147099999710917, 4541249.096699999645352 ], [ 421955.309299999848008, 4541248.537200000137091 ], [ 421955.491100000217557, 4541247.916600000113249 ], [ 421955.674800000153482, 4541247.2961 ], [ 421955.818300000391901, 4541246.815500000491738 ], [ 421955.962899999693036, 4541246.33500000089407 ], [ 421956.066100000403821, 4541245.9945 ], [ 421956.249800000339746, 4541245.392899999395013 ], [ 421956.373100000433624, 4541244.99210000038147 ], [ 421956.607900000177324, 4541244.236300000920892 ], [ 421956.776700000278652, 4541243.698200000450015 ], [ 421957.029500000178814, 4541242.901100000366569 ], [ 421957.265800000168383, 4541242.164799999445677 ], [ 421957.349499999545515, 4541241.905999999493361 ], [ 421957.576000000350177, 4541241.210699999704957 ], [ 421957.693400000222027, 4541240.85329999960959 ], [ 421957.818099999800324, 4541240.475600000470877 ], [ 421958.01630000025034, 4541239.880100000649691 ], [ 421958.175999999977648, 4541239.403999999165535 ], [ 421958.28969999961555, 4541239.066800000146031 ], [ 421958.404000000096858, 4541238.729800000786781 ], [ 421958.620299999602139, 4541238.096799999475479 ], [ 421958.790199999697506, 4541237.603499999269843 ], [ 421958.968299999833107, 4541237.090500000864267 ], [ 421959.252000000327826, 4541236.2807 ], [ 421959.476099999621511, 4541235.647700000554323 ], [ 421959.630199999548495, 4541235.216099999845028 ], [ 421959.863400000147521, 4541234.567399999126792 ], [ 421960.05599999986589, 4541234.036299999803305 ], [ 421960.279199999757111, 4541233.426100000739098 ], [ 421960.496100000105798, 4541232.837799999862909 ], [ 421960.635999999940395, 4541232.460799999535084 ], [ 421960.820299999788404, 4541231.967499999329448 ], [ 421961.027700000442564, 4541231.416300000622869 ], [ 421961.250199999660254, 4541230.829500000923872 ], [ 421961.407800000160933, 4541230.4167 ], [ 421961.580000000074506, 4541229.968499999493361 ], [ 421961.885900000110269, 4541229.178999999538064 ], [ 421962.065399999730289, 4541228.719399999827147 ], [ 421962.340300000272691, 4541228.02140000090003 ], [ 421962.535400000400841, 4541227.529999999329448 ], [ 421962.726700000464916, 4541227.051200000569224 ], [ 421962.974200000055134, 4541226.436200000345707 ], [ 421963.195899999700487, 4541225.889799999073148 ], [ 421963.479100000113249, 4541225.197300000116229 ], [ 421963.834499999880791, 4541224.337099999189377 ], [ 421964.118400000035763, 4541223.6570999994874 ], [ 421964.400799999944866, 4541222.986300000920892 ], [ 421964.771300000138581, 4541222.115399999544024 ], [ 421965.010900000110269, 4541221.557299999520183 ], [ 421965.2796, 4541220.936000000685453 ], [ 421965.525999999605119, 4541220.370699999853969 ], [ 421965.812199999578297, 4541219.719200000166893 ], [ 421966.040300000458956, 4541219.203700000420213 ], [ 421966.390300000086427, 4541218.419399999082088 ], [ 421966.618999999947846, 4541217.910900000482798 ], [ 421966.853699999861419, 4541217.3925 ], [ 421967.037299999967217, 4541216.989399999380112 ], [ 421967.393199999816716, 4541216.213600000366569 ], [ 421967.652999999932945, 4541215.652000000700355 ], [ 421968.017599999904633, 4541214.870300000533462 ], [ 421968.267599999904633, 4541214.338700000196695 ], [ 421968.557099999859929, 4541213.727399999275804 ], [ 421968.81290000025183, 4541213.190999999642372 ], [ 421969.159799999557436, 4541212.469100000336766 ], [ 421969.378899999894202, 4541212.01659999974072 ], [ 421969.572800000198185, 4541211.618000000715256 ], [ 421969.793100000359118, 4541211.167600000277162 ], [ 421969.975399999879301, 4541210.796499999240041 ], [ 421970.402800000272691, 4541209.933499999344349 ], [ 421973.153800000436604, 4541204.661299999803305 ], [ 422018.723500000312924, 4541104.23960000090301 ], [ 422055.077399999834597, 4540953.744300000369549 ], [ 422057.458599999547005, 4540937.7105 ], [ 422061.870500000193715, 4540858.861300000920892 ], [ 422066.021200000308454, 4540827.528000000864267 ], [ 422071.904900000430644, 4540788.00899999961257 ], [ 422084.964800000190735, 4540677.524399999529123 ], [ 422087.303700000047684, 4540657.992499999701977 ], [ 422087.318400000222027, 4540657.840399999171495 ], [ 422089.895499999634922, 4540631.241499999538064 ], [ 422090.689199999906123, 4540605.524000000208616 ], [ 422088.942999999970198, 4540571.075200000777841 ], [ 422074.496700000017881, 4540414.441500000655651 ], [ 422070.263399999588728, 4540375.018500000238419 ], [ 422064.707100000232458, 4540336.653899999335408 ], [ 422054.541600000113249, 4540283.912000000476837 ], [ 422054.124800000339746, 4540283.341700000688434 ], [ 422049.925999999977648, 4540255.6554000005126 ], [ 422027.764899999834597, 4540154.823699999600649 ], [ 422022.120699999853969, 4540157.75730000063777 ], [ 421914.828999999910593, 4540213.523 ], [ 421474.03000000026077, 4540436.888599999248981 ], [ 421468.558000000193715, 4540439.661399999633431 ], [ 421468.256400000303984, 4540439.814400000497699 ], [ 421170.406700000166893, 4540590.856000000610948 ], [ 420842.983300000429153, 4540756.895199999213219 ], [ 420839.695299999788404, 4540758.562599999830127 ], [ 420645.551300000399351, 4540857.0152000002563 ], [ 420617.301099999807775, 4540871.340600000694394 ], [ 420609.152400000020862, 4540875.472799999639392 ], [ 420573.786299999803305, 4540893.518300000578165 ], [ 420559.676799999549985, 4540900.717399999499321 ], [ 420454.186099999584258, 4540954.543500000610948 ], [ 420340.899500000290573, 4541007.163699999451637 ], [ 420241.0307, 4541052.009600000455976 ], [ 420178.729600000195205, 4541076.667600000277162 ], [ 420145.141200000420213, 4541089.348600000143051 ], [ 420118.045800000429153, 4541099.57799999974668 ], [ 420052.263100000098348, 4541122.557199999690056 ], [ 420045.10080000013113, 4541124.9199 ], [ 420014.549100000411272, 4541134.997600000351667 ], [ 419929.450699999928474, 4541160.81110000051558 ], [ 419924.305499999783933, 4541162.219900000840425 ], [ 419878.379700000397861, 4541174.794099999591708 ], [ 419859.940399999730289, 4541179.617200000211596 ], [ 419842.007399999536574, 4541184.307600000873208 ], [ 419838.002600000239909, 4541185.54619999974966 ], [ 419865.513100000098348, 4541249.45549999922514 ], [ 419866.919700000435114, 4541252.053300000727177 ], [ 419904.667700000107288, 4541321.766699999570847 ], [ 419904.339700000360608, 4541399.676599999889731 ], [ 419899.926699999719858, 4541445.449400000274181 ], [ 419898.440200000070035, 4541455.500700000673532 ], [ 419893.910099999979138, 4541486.127800000831485 ], [ 419892.964399999938905, 4541507.312100000679493 ], [ 419892.612200000323355, 4541515.202600000426173 ], [ 419898.800800000317395, 4541620.957599999383092 ], [ 419881.731200000271201, 4541627.954900000244379 ], [ 419879.259600000455976, 4541629.527699999511242 ], [ 419858.703900000080466, 4541642.608799999579787 ], [ 419840.808199999853969, 4541663.30379999987781 ], [ 419819.280299999751151, 4541702.47440000064671 ], [ 419813.035299999639392, 4541722.333000000566244 ], [ 419782.206500000320375, 4541820.367799999192357 ], [ 419831.431400000117719, 4541927.003399999812245 ], [ 419844.526700000278652, 4542054.761800000444055 ], [ 419848.961500000208616, 4542134.75139999948442 ], [ 419848.212500000372529, 4542134.445299999788404 ], [ 419848.165900000371039, 4542134.426300000399351 ], [ 419783.309999999590218, 4542107.934599999338388 ], [ 419772.989799999631941, 4542103.719200000166893 ], [ 419734.674100000411272, 4542081.808299999684095 ], [ 419713.3909, 4542073.191500000655651 ], [ 419713.121899999678135, 4542073.378900000825524 ], [ 419712.391499999910593, 4542073.888000000268221 ], [ 419667.689299999736249, 4542105.038499999791384 ], [ 419639.428399999625981, 4542122.044600000604987 ], [ 419639.084800000302494, 4542121.810799999162555 ], [ 419590.474700000137091, 4542088.737400000914931 ], [ 419589.802099999971688, 4542088.778200000524521 ], [ 419539.741499999538064, 4542091.809800000861287 ], [ 419539.540500000119209, 4542091.777599999681115 ], [ 419520.647099999710917, 4542088.755599999800324 ], [ 419520.409699999727309, 4542088.834799999371171 ], [ 419491.076799999922514, 4542098.616399999707937 ], [ 419452.742200000211596, 4542114.5793999992311 ], [ 419393.627500000409782, 4542128.124800000339746 ], [ 419393.297899999655783, 4542128.032500000670552 ], [ 419377.611100000329316, 4542123.6436 ], [ 419368.517300000414252, 4542121.304099999368191 ], [ 419343.009700000286102, 4542156.636800000444055 ], [ 419296.630300000309944, 4542220.8805 ], [ 419246.856200000271201, 4542270.076899999752641 ], [ 419175.324300000444055, 4542322.367900000885129 ], [ 419160.790199999697506, 4542328.432499999180436 ], [ 419148.599399999715388, 4542333.147700000554323 ], [ 419147.893099999986589, 4542333.4206000007689 ], [ 419116.433299999684095, 4542345.587600000202656 ], [ 419006.020800000056624, 4542385.052899999544024 ], [ 418963.247100000269711, 4542353.177699999883771 ], [ 418916.480100000277162, 4542332.816999999806285 ], [ 418899.302500000223517, 4542331.707599999383092 ], [ 418882.091699999757111, 4542322.893699999898672 ], [ 418847.841500000096858, 4542292.803999999538064 ], [ 418836.163900000043213, 4542274.694399999454618 ], [ 418827.06180000025779, 4542256.32740000076592 ], [ 418791.590800000354648, 4542169.7007 ], [ 418785.588800000026822, 4542138.997999999672174 ], [ 418767.768500000238419, 4542110.352299999445677 ], [ 418757.19550000037998, 4542095.645700000226498 ], [ 418754.976800000295043, 4542092.559699999168515 ], [ 418698.694799999706447, 4542021.168999999761581 ], [ 418672.857200000435114, 4541983.00620000064373 ], [ 418653.127199999988079, 4541947.675499999895692 ], [ 418652.969399999827147, 4541947.526699999347329 ], [ 418575.653400000184774, 4541874.636700000613928 ], [ 418559.154900000430644, 4541863.04759999923408 ], [ 418524.373700000345707, 4541835.740299999713898 ], [ 418515.004700000397861, 4541832.034800000488758 ], [ 418506.337700000032783, 4541825.20380000025034 ], [ 418493.107900000177324, 4541810.80210000090301 ], [ 418465.27309999987483, 4541797.467599999159575 ], [ 418443.503200000151992, 4541790.036800000816584 ], [ 418438.573099999688566, 4541784.950799999758601 ], [ 418432.634999999776483, 4541779.284700000658631 ], [ 418429.838200000114739, 4541772.5669 ], [ 418424.520100000314415, 4541761.427899999544024 ], [ 418422.147300000302494, 4541757.544600000604987 ], [ 418419.218100000172853, 4541754.107200000435114 ], [ 418397.734699999913573, 4541760.394400000572205 ], [ 418394.511900000274181, 4541750.811599999666214 ], [ 418353.912499999627471, 4541748.012900000438094 ], [ 418349.4205, 4541743.490199999883771 ], [ 418338.968500000424683, 4541732.459100000560284 ], [ 418334.050099999643862, 4541723.462799999862909 ], [ 418317.231700000353158, 4541692.698599999770522 ], [ 418303.586099999956787, 4541662.0779 ], [ 418299.214700000360608, 4541648.972400000318885 ], [ 418283.665500000119209, 4541612.786599999293685 ], [ 418281.66469999961555, 4541608.130599999800324 ], [ 418278.634200000204146, 4541601.0779 ], [ 418267.996799999848008, 4541581.541799999773502 ], [ 418255.702200000174344, 4541575.968399999663234 ], [ 418237.916199999861419, 4541567.905500000342727 ], [ 418224.447800000198185, 4541553.439400000497699 ], [ 418209.794200000353158, 4541531.116399999707937 ], [ 418192.958300000056624, 4541506.424000000581145 ], [ 418180.985999999567866, 4541483.60219999961555 ], [ 418179.489599999971688, 4541463.399299999698997 ], [ 418182.10840000025928, 4541425.612299999222159 ], [ 418201.189100000075996, 4541392.688799999654293 ], [ 418222.140399999916553, 4541359.017200000584126 ], [ 418240.878499999642372, 4541328.271600000560284 ], [ 418239.378700000233948, 4541327.4594 ], [ 418239.307400000281632, 4541327.573000000789762 ], [ 418239.217899999581277, 4541327.715199999511242 ], [ 418217.628200000151992, 4541316.025399999693036 ], [ 418157.276499999687076, 4541275.467700000852346 ], [ 418138.328099999576807, 4541257.915899999439716 ], [ 418113.276700000278652, 4541229.641200000420213 ], [ 417990.950400000438094, 4541143.4901 ], [ 417988.968799999915063, 4541142.0945999994874 ], [ 417981.082299999892712, 4541137.601399999111891 ], [ 417837.559899999760091, 4541055.8301 ], [ 417837.439699999988079, 4541055.761299999430776 ], [ 417849.8443, 4541012.191600000485778 ], [ 417808.972400000318885, 4540985.729000000283122 ], [ 417781.835199999623001, 4540965.098300000652671 ], [ 417710.982599999755621, 4540875.566600000485778 ], [ 417697.697499999776483, 4540867.860999999567866 ], [ 417674.169999999925494, 4540860.338199999183416 ], [ 417665.13370000012219, 4540859.771299999207258 ], [ 417651.440600000321865, 4540858.9123 ], [ 417647.427500000223517, 4540895.824899999424815 ], [ 417645.989000000059605, 4540897.853700000792742 ], [ 417644.566999999806285, 4540899.859300000593066 ], [ 417640.528800000436604, 4540905.553999999538064 ], [ 417617.60869999974966, 4540925.554199999198318 ], [ 417605.127600000239909, 4540932.893699999898672 ], [ 417587.279000000096858, 4540935.973899999633431 ], [ 417572.779000000096858, 4540933.824999999254942 ], [ 417558.628200000151992, 4540927.375099999830127 ], [ 417510.668200000189245, 4540955.398199999704957 ], [ 417407.531600000336766, 4541100.792700000107288 ], [ 417255.605100000277162, 4540986.247199999168515 ], [ 417255.483300000429153, 4540985.9551 ], [ 417170.126699999906123, 4541098.310200000181794 ], [ 416838.35219999961555, 4541145.183599999174476 ], [ 416743.214200000278652, 4541342.604599999263883 ], [ 416755.045099999755621, 4541358.911599999293685 ], [ 416998.651499999687076, 4541325.328600000590086 ], [ 417005.870500000193715, 4541335.21030000038445 ], [ 416916.171400000341237, 4541520.138699999079108 ], [ 416918.076299999840558, 4541538.5756 ], [ 416572.265700000338256, 4541587.953500000759959 ], [ 416571.718700000084937, 4541588.296499999240041 ], [ 416440.751199999824166, 4541859.219200000166893 ], [ 416440.561200000345707, 4541859.766200000420213 ], [ 416440.483199999667704, 4541860.252299999818206 ], [ 416444.104100000113249, 4541875.541200000792742 ], [ 416737.159699999727309, 4541833.259199999272823 ], [ 416747.96860000025481, 4541847.65819999948144 ], [ 416744.125500000081956, 4541855.580199999734759 ], [ 416651.870500000193715, 4542045.567299999296665 ], [ 416651.59250000026077, 4542045.676300000399351 ], [ 416502.279000000096858, 4542103.61710000038147 ], [ 416491.716900000348687, 4542125.396199999377131 ], [ 416515.887799999676645, 4542137.176899999380112 ], [ 416516.375799999572337, 4542137.340800000354648 ], [ 416464.239199999719858, 4542244.2204 ], [ 416454.763199999928474, 4542264.352299999445677 ], [ 416467.066100000403821, 4542270.38429999910295 ], [ 416467.756099999882281, 4542268.885299999266863 ], [ 416467.090099999681115, 4542268.440300000831485 ], [ 416474.029199999757111, 4542254.065400000661612 ], [ 416484.415000000037253, 4542259.68129999935627 ], [ 416484.683799999766052, 4542259.215700000524521 ], [ 416489.390800000168383, 4542251.063799999654293 ], [ 416489.415199999697506, 4542251.021299999207258 ], [ 416489.293999999761581, 4542251.021299999207258 ], [ 416487.198200000450015, 4542250.1064 ], [ 416559.262000000104308, 4542103.119100000709295 ], [ 416566.9841, 4542100.021999999880791 ], [ 416649.637400000356138, 4542068.181099999696016 ], [ 416649.69539999961853, 4542068.238099999725819 ], [ 416662.850300000049174, 4542081.085100000724196 ], [ 416663.496299999766052, 4542080.418099999427795 ], [ 416666.257299999706447, 4542083.231100000441074 ], [ 416665.638299999758601, 4542083.840099999681115 ], [ 416667.903300000354648, 4542085.947200000286102 ], [ 416689.541400000452995, 4542063.304199999198318 ], [ 416691.099399999715388, 4542064.163200000301003 ], [ 416691.575400000438094, 4542063.55519999936223 ], [ 416703.964399999938905, 4542069.757099999114871 ], [ 416703.719399999827147, 4542070.475099999457598 ], [ 416705.620400000363588, 4542071.358300000429153 ], [ 416683.805100000463426, 4542116.6129 ], [ 416687.9841, 4542118.775000000372529 ], [ 416708.7182, 4542096.716 ], [ 416708.869199999608099, 4542096.789000000804663 ], [ 416725.023299999535084, 4542104.567900000140071 ], [ 416704.025999999605119, 4542148.115800000727177 ], [ 416728.572700000368059, 4542208.750600000843406 ], [ 416671.707600000314415, 4542230.3673 ], [ 416633.168300000019372, 4542258.486300000920892 ], [ 416632.521300000138581, 4542259.039300000295043 ], [ 416632.314299999736249, 4542259.365299999713898 ], [ 416632.207299999892712, 4542259.940300000831485 ], [ 416632.207299999892712, 4542260.82120000012219 ], [ 416632.360299999825656, 4542261.465199999511242 ], [ 416632.648299999535084, 4542261.95920000039041 ], [ 416633.131299999542534, 4542262.412200000137091 ], [ 416633.752299999818206, 4542262.79839999973774 ], [ 416634.557300000451505, 4542262.947200000286102 ], [ 416635.0943, 4542262.884400000795722 ], [ 416641.388199999928474, 4542262.175300000235438 ], [ 416656.425300000235438, 4542260.345300000160933 ], [ 416661.974399999715388, 4542258.1743 ], [ 416666.394399999640882, 4542256.6162 ], [ 416671.279500000178814, 4542254.745300000533462 ], [ 416698.475599999539554, 4542243.791300000622869 ], [ 416712.547600000165403, 4542238.427400000393391 ], [ 416712.689500000327826, 4542238.373199999332428 ], [ 416713.735500000417233, 4542241.008300000801682 ], [ 416719.274500000290573, 4542254.900299999862909 ], [ 416720.360500000417233, 4542257.704199999570847 ], [ 416726.57039999961853, 4542273.657199999317527 ], [ 416732.307400000281632, 4542271.183199999853969 ], [ 416731.990399999544024, 4542271.839199999347329 ], [ 416732.158200000412762, 4542275.89809999987483 ], [ 416737.690399999730289, 4542278.821100000292063 ], [ 416739.534400000236928, 4542279.806099999696016 ], [ 416742.022199999541044, 4542280.881999999284744 ], [ 416745.263399999588728, 4542282.386099999770522 ], [ 416751.542399999685585, 4542285.532999999821186 ], [ 416755.541299999691546, 4542287.871099999174476 ], [ 416758.100300000049174, 4542289.1151 ], [ 416759.789300000295043, 4542290.948999999091029 ], [ 416761.408300000242889, 4542292.683000000193715 ], [ 416763.901300000026822, 4542296.095100000500679 ], [ 416766.744300000369549, 4542300.21199999935925 ], [ 416769.429299999959767, 4542305.00789999961853 ], [ 416772.56209999974817, 4542312.369899999350309 ], [ 416809.413599999621511, 4542414.328500000759959 ], [ 416809.755699999630451, 4542420.754300000146031 ], [ 416809.820700000040233, 4542426.812400000169873 ], [ 416809.678700000047684, 4542427.816400000825524 ], [ 416809.00870000012219, 4542430.047800000756979 ], [ 416808.934799999929965, 4542430.293800000101328 ], [ 416808.900700000114739, 4542430.407400000840425 ], [ 416807.877600000239909, 4542431.846300000324845 ], [ 416807.423700000159442, 4542432.545299999415874 ], [ 416806.71059999987483, 4542434.211300000548363 ], [ 416806.71860000025481, 4542434.828299999237061 ], [ 416805.368700000457466, 4542437.927300000563264 ], [ 416804.238599999807775, 4542440.099300000816584 ], [ 416802.637600000016391, 4542441.5833 ], [ 416800.498700000345707, 4542443.227299999445677 ], [ 416799.508600000292063, 4542444.24129999987781 ], [ 416797.118599999696016, 4542447.392300000414252 ], [ 416795.484600000083447, 4542449.377299999818206 ], [ 416795.143600000068545, 4542449.80629999935627 ], [ 416793.425499999895692, 4542451.175300000235438 ], [ 416790.039499999955297, 4542454.877299999818206 ], [ 416788.056499999947846, 4542456.597300000488758 ], [ 416786.227500000037253, 4542458.392200000584126 ], [ 416785.384499999694526, 4542458.788200000301003 ], [ 416784.007500000298023, 4542459.652300000190735 ], [ 416782.439500000327826, 4542460.712300000712276 ], [ 416781.266400000080466, 4542462.460200000554323 ], [ 416779.786500000394881, 4542464.4441 ], [ 416779.909900000318885, 4542469.207399999722838 ], [ 416730.956299999728799, 4542487.857100000604987 ], [ 416722.783200000412762, 4542504.747099999338388 ], [ 416681.740699999965727, 4542589.091700000688434 ], [ 416686.805700000375509, 4542591.4156 ], [ 416725.445199999958277, 4542511.799000000581145 ], [ 416806.122499999590218, 4542480.727299999445677 ], [ 416817.677400000393391, 4542485.4561 ], [ 416819.798299999907613, 4542498.79700000025332 ], [ 416820.200299999676645, 4542502.012000000104308 ], [ 416820.534300000406802, 4542504.606000000610948 ], [ 416819.979299999773502, 4542514.278000000864267 ], [ 416819.233, 4542528.594900000840425 ], [ 416818.759100000374019, 4542538.204800000414252 ], [ 416817.959999999962747, 4542552.127699999138713 ], [ 416817.180100000463426, 4542564.08669999986887 ], [ 416816.520999999716878, 4542574.816700000315905 ], [ 416815.917899999767542, 4542589.579600000753999 ], [ 416815.597900000400841, 4542598.923499999567866 ], [ 416815.20380000025034, 4542605.287399999797344 ], [ 416814.148699999786913, 4542610.6415 ], [ 416812.582700000144541, 4542618.273499999195337 ], [ 416810.268600000068545, 4542630.119400000199676 ], [ 416802.158699999563396, 4542636.802400000393391 ], [ 416801.511699999682605, 4542638.607300000265241 ], [ 416800.283599999733269, 4542642.215399999171495 ], [ 416799.058600000105798, 4542648.023299999535084 ], [ 416797.42850000038743, 4542655.970300000160933 ], [ 416796.771499999798834, 4542667.52419999986887 ], [ 416795.550400000065565, 4542677.733200000599027 ], [ 416794.836400000378489, 4542681.67119999974966 ], [ 416794.538200000301003, 4542684.113199999555945 ], [ 416793.911299999803305, 4542687.170099999755621 ], [ 416793.003299999982119, 4542691.68610000051558 ], [ 416792.340200000442564, 4542696.673100000247359 ], [ 416792.239199999719858, 4542700.871999999508262 ], [ 416791.256199999712408, 4542709.0121 ], [ 416789.966199999675155, 4542721.219000000506639 ], [ 416789.661199999973178, 4542723.254899999126792 ], [ 416788.889200000092387, 4542725.704900000244379 ], [ 416787.152200000360608, 4542729.185900000855327 ], [ 416785.212100000120699, 4542734.802999999374151 ], [ 416783.228099999949336, 4542743.275100000202656 ], [ 416782.212199999950826, 4542747.613700000569224 ], [ 416781.321000000461936, 4542751.418800000101328 ], [ 416780.053000000305474, 4542756.651799999177456 ], [ 416779.046900000423193, 4542761.373800000175834 ], [ 416778.091000000014901, 4542765.010700000450015 ], [ 416777.033900000154972, 4542768.717800000682473 ], [ 416775.549899999983609, 4542773.176799999549985 ], [ 416772.050900000147521, 4542780.64670000039041 ], [ 416769.42879999987781, 4542785.902699999511242 ], [ 416765.0318, 4542798.532600000500679 ], [ 416763.474700000137091, 4542804.718800000846386 ], [ 416762.568699999712408, 4542807.305500000715256 ], [ 416760.933600000105798, 4542810.785700000822544 ], [ 416759.2027000002563, 4542814.638499999418855 ], [ 416757.443599999882281, 4542818.864399999380112 ], [ 416755.685700000263751, 4542823.124500000849366 ], [ 416754.184600000269711, 4542826.534499999135733 ], [ 416751.492600000463426, 4542831.655500000342727 ], [ 416749.086600000038743, 4542837.686499999836087 ], [ 416744.383399999700487, 4542852.318399999290705 ], [ 416742.888399999588728, 4542856.100400000810623 ], [ 416741.585400000214577, 4542859.201400000602007 ], [ 416740.601400000043213, 4542861.147399999201298 ], [ 416738.554399999789894, 4542864.328299999237061 ], [ 416735.910400000400841, 4542868.197300000116229 ], [ 416732.792200000025332, 4542872.106200000271201 ], [ 416729.149299999698997, 4542877.007200000807643 ], [ 416720.403199999593198, 4542890.689200000837445 ], [ 416717.96030000038445, 4542894.487199999392033 ], [ 416716.075199999846518, 4542897.192099999636412 ], [ 416711.142099999822676, 4542903.975199999287724 ], [ 416708.062199999578297, 4542908.121200000867248 ], [ 416704.917100000195205, 4542912.437100000679493 ], [ 416702.363900000229478, 4542915.69510000012815 ], [ 416696.793100000359118, 4542922.759099999442697 ], [ 416689.419999999925494, 4542933.508099999278784 ], [ 416687.156999999657273, 4542935.846999999135733 ], [ 416685.626000000163913, 4542937.428999999538064 ], [ 416683.861100000329316, 4542939.218000000342727 ], [ 416682.095900000073016, 4542940.972999999299645 ], [ 416680.099899999797344, 4542943.139000000432134 ], [ 416678.003899999894202, 4542945.372999999672174 ], [ 416672.396499999798834, 4542950.130200000479817 ], [ 416669.887900000438094, 4542952.073000000789762 ], [ 416666.018000000156462, 4542955.486700000241399 ], [ 416662.111800000071526, 4542958.834899999201298 ], [ 416655.450799999758601, 4542965.47580000013113 ], [ 416646.107699999585748, 4542973.718800000846386 ], [ 416641.334699999541044, 4542977.858799999579787 ], [ 416634.660600000061095, 4542983.688799999654293 ], [ 416626.834599999710917, 4542991.534800000488758 ], [ 416618.569500000216067, 4543001.55379999987781 ], [ 416600.685399999842048, 4543025.6426 ], [ 416597.544400000013411, 4543028.1316 ], [ 416595.634499999694526, 4543031.411499999463558 ], [ 416594.388299999758601, 4543033.869599999859929 ], [ 416593.021300000138581, 4543034.098500000312924 ], [ 416591.920400000177324, 4543034.440500000491738 ], [ 416591.331399999558926, 4543034.612500000745058 ], [ 416590.724399999715388, 4543034.8026 ], [ 416589.642400000244379, 4543035.23960000090301 ], [ 416589.148400000296533, 4543035.468599999323487 ], [ 416588.275399999693036, 4543035.810599999502301 ], [ 416587.364400000311434, 4543036.11460000090301 ], [ 416586.262400000356138, 4543036.457599999383092 ], [ 416585.617300000041723, 4543036.685599999502301 ], [ 416584.952399999834597, 4543036.894600000232458 ], [ 416584.250300000421703, 4543037.1426 ], [ 416583.718399999663234, 4543037.332599999383092 ], [ 416583.453300000168383, 4543037.446599999442697 ], [ 416582.579400000162423, 4543037.637599999085069 ], [ 416581.725399999879301, 4543037.846599999815226 ], [ 416580.889399999752641, 4543038.0746 ], [ 416580.168399999849498, 4543038.303600000217557 ], [ 416579.465300000272691, 4543038.550599999725819 ], [ 416578.28830000013113, 4543038.969399999827147 ], [ 416577.510300000198185, 4543039.368699999526143 ], [ 416576.8273, 4543039.786499999463558 ], [ 416576.030299999751151, 4543040.318499999120831 ], [ 416575.707299999892712, 4543040.793700000271201 ], [ 416575.404299999587238, 4543041.401499999687076 ], [ 416575.100300000049174, 4543041.933700000867248 ], [ 416574.816300000064075, 4543042.5987 ], [ 416574.626299999654293, 4543043.2445 ], [ 416574.494300000369549, 4543043.98450000025332 ], [ 416574.400299999862909, 4543045.143400000408292 ], [ 416574.438099999912083, 4543045.940400000661612 ], [ 416574.458300000056624, 4543046.757400000467896 ], [ 416574.47719999961555, 4543047.611600000411272 ], [ 416574.383200000040233, 4543048.504499999806285 ], [ 416574.326200000010431, 4543049.0175 ], [ 416574.270200000144541, 4543049.529500000178814 ], [ 416574.175200000405312, 4543050.08049999922514 ], [ 416574.062199999578297, 4543050.650499999523163 ], [ 416573.664200000464916, 4543051.885500000789762 ], [ 416573.398199999704957, 4543052.530500000342727 ], [ 416573.17119999974966, 4543052.986500000581145 ], [ 416572.60219999961555, 4543054.012499999254942 ], [ 416572.165199999697506, 4543054.639499999582767 ], [ 416571.748200000263751, 4543055.285499999299645 ], [ 416571.426199999637902, 4543055.874500000849366 ], [ 416571.0472999997437, 4543056.7105 ], [ 416570.895299999974668, 4543057.317500000819564 ], [ 416570.839300000108778, 4543058.514499999582767 ], [ 416570.744300000369549, 4543059.216499999165535 ], [ 416570.631299999542534, 4543059.938500000163913 ], [ 416570.347299999557436, 4543061.135500000789762 ], [ 416570.195199999958277, 4543061.7043999992311 ], [ 416569.987200000323355, 4543062.48340000025928 ], [ 416569.836199999786913, 4543063.0154 ], [ 416569.627199999988079, 4543063.946399999782443 ], [ 416569.400200000032783, 4543065.085400000214577 ], [ 416569.268199999816716, 4543065.712400000542402 ], [ 416569.116200000047684, 4543066.39640000090003 ], [ 416568.965200000442564, 4543067.003399999812245 ], [ 416568.624200000427663, 4543068.257400000467896 ], [ 416568.283200000412762, 4543069.207399999722838 ], [ 416568.131199999712408, 4543070.042400000616908 ], [ 416568.037200000137091, 4543070.669399999082088 ], [ 416567.904199999757111, 4543071.258400000631809 ], [ 416567.810999999754131, 4543071.77140000090003 ], [ 416567.697200000286102, 4543072.302400000393391 ], [ 416567.58420000039041, 4543072.910399999469519 ], [ 416567.46999999973923, 4543073.518500000238419 ], [ 416567.31900000013411, 4543074.088500000536442 ], [ 416567.128999999724329, 4543074.733300000429153 ], [ 416566.959300000220537, 4543075.398399999365211 ], [ 416566.561099999584258, 4543076.861400000751019 ], [ 416566.428100000135601, 4543077.601399999111891 ], [ 416566.315100000239909, 4543078.2094 ], [ 416566.239099999889731, 4543078.779400000348687 ], [ 416566.164099999703467, 4543079.311300000175834 ], [ 416565.93709999974817, 4543080.526399999856949 ], [ 416565.823099999688566, 4543081.248400000855327 ], [ 416565.634100000374019, 4543082.729399999603629 ], [ 416565.559100000187755, 4543083.337300000712276 ], [ 416565.483099999837577, 4543083.869400000199676 ], [ 416565.294099999591708, 4543084.5143 ], [ 416565.028099999763072, 4543085.160299999639392 ], [ 416564.668100000359118, 4543085.977399999275804 ], [ 416564.441100000403821, 4543086.547399999573827 ], [ 416564.422100000083447, 4543086.604399999603629 ], [ 416562.074000000022352, 4543096.860300000756979 ], [ 416561.923000000417233, 4543097.695299999788404 ], [ 416561.733, 4543098.645300000905991 ], [ 416561.506000000052154, 4543099.671299999579787 ], [ 416561.298000000417233, 4543100.753200000151992 ], [ 416561.127999999560416, 4543101.836200000718236 ], [ 416560.900999999605119, 4543102.823200000450015 ], [ 416560.635999999940395, 4543104.039200000464916 ], [ 416560.464999999850988, 4543104.5142 ], [ 416560.275899999774992, 4543105.0844 ], [ 416560.085900000296533, 4543105.767200000584126 ], [ 416559.707100000232458, 4543107.1732 ], [ 416559.423899999819696, 4543108.5592 ], [ 416559.328900000080466, 4543109.186200000345707 ], [ 416559.252899999730289, 4543109.794299999251962 ], [ 416559.234899999573827, 4543110.3443 ], [ 416559.254900000058115, 4543111.313300000503659 ], [ 416559.311900000087917, 4543112.091299999505281 ], [ 416559.387900000438094, 4543112.775000000372529 ], [ 416559.502899999730289, 4543113.345000000670552 ], [ 416559.597900000400841, 4543113.895199999213219 ], [ 416559.749900000169873, 4543114.427200000733137 ], [ 416560.035899999551475, 4543114.939200000837445 ], [ 416560.909900000318885, 4543115.8882 ], [ 416561.63190000038594, 4543116.458200000226498 ], [ 416562.144899999722838, 4543116.780200000852346 ], [ 416562.581899999640882, 4543117.027200000360608 ], [ 416563.341900000348687, 4543117.330199999734759 ], [ 416564.02489999961108, 4543117.558199999853969 ], [ 416564.784900000318885, 4543117.557299999520183 ], [ 416566.113900000229478, 4543117.3662 ], [ 416566.626899999566376, 4543117.385299999266863 ], [ 416567.158900000154972, 4543117.423100000247359 ], [ 416568.107900000177324, 4543117.574100000783801 ], [ 416569.019899999722838, 4543117.915100000798702 ], [ 416569.5329, 4543118.124199999496341 ], [ 416570.083899999968708, 4543118.40819999948144 ], [ 416570.539900000207126, 4543118.674200000241399 ], [ 416571.356900000013411, 4543119.262199999764562 ], [ 416571.831899999640882, 4543119.58420000039041 ], [ 416572.34389999974519, 4543119.755200000479817 ], [ 416572.856900000013411, 4543119.926200000569224 ], [ 416573.521900000050664, 4543120.134199999272823 ], [ 416574.301099999807775, 4543120.342199999839067 ], [ 416575.155100000090897, 4543120.589199999347329 ], [ 416576.009899999946356, 4543120.835100000724196 ], [ 416576.845900000073016, 4543121.100099999457598 ], [ 416577.644100000150502, 4543121.366100000217557 ], [ 416578.384100000374019, 4543121.650100000202656 ], [ 416579.713999999687076, 4543122.143300000578165 ], [ 416580.378999999724329, 4543122.3902000002563 ], [ 416581.707700000144541, 4543122.844000000506639 ], [ 416582.372899999842048, 4543123.05320000089705 ], [ 416582.999900000169873, 4543123.223200000822544 ], [ 416584.006699999794364, 4543123.470200000330806 ], [ 416585.031899999827147, 4543123.735200000926852 ], [ 416585.639700000174344, 4543123.886099999770522 ], [ 416586.323900000192225, 4543124.038100000470877 ], [ 416587.064899999648333, 4543124.246099999174476 ], [ 416588.678899999707937, 4543124.644099999219179 ], [ 416589.438900000415742, 4543124.871099999174476 ], [ 416590.159900000318885, 4543125.06110000051558 ], [ 416590.653900000266731, 4543125.175100000575185 ], [ 416591.527900000102818, 4543125.212099999189377 ], [ 416592.210900000296533, 4543125.174100000411272 ], [ 416593.813900000415742, 4543120.909099999815226 ], [ 416593.849700000137091, 4543120.5537 ], [ 416594.039900000207126, 4543118.668099999427795 ], [ 416594.285899999551475, 4543117.3191 ], [ 416584.236899999901652, 4543111.154200000688434 ], [ 416583.5159, 4543112.484200000762939 ], [ 416580.438000000081956, 4543110.777200000360608 ], [ 416580.911999999545515, 4543109.086200000718236 ], [ 416576.239000000059605, 4543106.848300000652671 ], [ 416577.281000000424683, 4543103.828299999237061 ], [ 416575.268000000156462, 4543102.994300000369549 ], [ 416577.427000000141561, 4543094.599300000816584 ], [ 416576.230100000277162, 4543094.277300000190735 ], [ 416577.859000000171363, 4543087.706299999728799 ], [ 416579.4671, 4543079.444299999624491 ], [ 416583.329199999570847, 4543063.794399999082088 ], [ 416586.438099999912083, 4543055.208499999716878 ], [ 416587.804299999959767, 4543054.410399999469519 ], [ 416591.411299999803305, 4543052.4715 ], [ 416595.740299999713898, 4543050.797499999403954 ], [ 416605.198200000450015, 4543052.310499999672174 ], [ 416606.679299999959767, 4543052.195499999448657 ], [ 416609.4523, 4543053.82740000076592 ], [ 416614.145299999974668, 4543056.50139999948442 ], [ 416614.735299999825656, 4543058.229499999433756 ], [ 416614.811300000175834, 4543058.7994 ], [ 416614.496299999766052, 4543070.098300000652671 ], [ 416613.760200000368059, 4543076.308199999853969 ], [ 416613.476999999955297, 4543080.011399999260902 ], [ 416612.338200000114739, 4543080.20240000076592 ], [ 416612.473299999721348, 4543082.5373 ], [ 416613.479199999943376, 4543082.36629999987781 ], [ 416613.272099999710917, 4543085.005300000309944 ], [ 416612.228099999949336, 4543085.101299999281764 ], [ 416612.229100000113249, 4543086.772299999371171 ], [ 416614.033099999651313, 4543086.790300000458956 ], [ 416614.513100000098348, 4543094.177200000733137 ], [ 416613.411100000143051, 4543094.10219999961555 ], [ 416613.3761, 4543096.532199999317527 ], [ 416614.515100000426173, 4543096.342299999669194 ], [ 416614.650100000202656, 4543099.513299999758601 ], [ 416613.245000000111759, 4543100.121300000697374 ], [ 416613.436099999584258, 4543101.0713 ], [ 416614.89809999987483, 4543100.671299999579787 ], [ 416615.052000000141561, 4543104.545199999585748 ], [ 416615.920099999755621, 4543123.667099999263883 ], [ 416611.39989999961108, 4543123.480200000107288 ], [ 416611.153900000266731, 4543124.753200000151992 ], [ 416607.767900000326335, 4543123.965299999341369 ], [ 416607.254900000058115, 4543123.870100000873208 ], [ 416606.194899999536574, 4543123.75730000063777 ], [ 416605.206899999640882, 4543124.075300000607967 ], [ 416604.275999999605119, 4543124.429300000891089 ], [ 416603.607900000177324, 4543128.622099999338388 ], [ 416603.626899999566376, 4543129.5153 ], [ 416603.722900000400841, 4543130.4070999994874 ], [ 416604.08490000013262, 4543131.566099999472499 ], [ 416604.711900000460446, 4543132.230100000277162 ], [ 416605.605000000447035, 4543132.780099999159575 ], [ 416606.173899999819696, 4543133.045099999755621 ], [ 416607.294900000095367, 4543133.595100000500679 ], [ 416607.807900000363588, 4543133.8421 ], [ 416608.358799999579787, 4543134.089099999517202 ], [ 416609.72690000012517, 4543134.6570999994874 ], [ 416611.093799999915063, 4543135.150100000202656 ], [ 416611.625799999572337, 4543135.378100000321865 ], [ 416612.442800000309944, 4543135.737999999895692 ], [ 416613.297799999825656, 4543136.28800000064075 ], [ 416614.266800000332296, 4543137.028100000694394 ], [ 416614.456799999810755, 4543137.522099999710917 ], [ 416614.47690000012517, 4543138.451999999582767 ], [ 416614.457799999974668, 4543138.964999999850988 ], [ 416614.420800000429153, 4543139.5351 ], [ 416614.344800000078976, 4543140.143100000917912 ], [ 416614.287800000049174, 4543140.769099999219179 ], [ 416614.212799999862909, 4543141.415100000798702 ], [ 416614.155799999833107, 4543142.042099999263883 ], [ 416614.080799999646842, 4543142.6491 ], [ 416613.986800000071526, 4543143.884099999442697 ], [ 416613.967799999751151, 4543144.548000000417233 ], [ 416613.968799999915063, 4543145.23200000077486 ], [ 416613.968799999915063, 4543145.915999999269843 ], [ 416613.950799999758601, 4543146.58 ], [ 416613.893799999728799, 4543147.814999999478459 ], [ 416613.780799999833107, 4543149.143999999389052 ], [ 416613.705799999646842, 4543149.903999999165535 ], [ 416613.668800000101328, 4543150.777000000700355 ], [ 416613.630800000391901, 4543151.727 ], [ 416613.555800000205636, 4543152.638000000268221 ], [ 416613.575899999588728, 4543153.455 ], [ 416613.556699999608099, 4543154.0822 ], [ 416612.408599999733269, 4543169.7489 ], [ 416612.276700000278652, 4543170.868899999186397 ], [ 416612.163599999621511, 4543171.43889999948442 ], [ 416612.068699999712408, 4543172.17989999987185 ], [ 416611.993599999696016, 4543172.711899999529123 ], [ 416611.89879999961704, 4543173.375900000333786 ], [ 416611.785699999891222, 4543174.743899999186397 ], [ 416611.6727, 4543176.11089999973774 ], [ 416611.597699999809265, 4543176.756899999454618 ], [ 416611.540699999779463, 4543177.344900000840425 ], [ 416611.446700000204146, 4543177.857899999246001 ], [ 416611.294700000435114, 4543178.693800000473857 ], [ 416611.029699999839067, 4543179.794800000265241 ], [ 416610.840699999593198, 4543180.4408 ], [ 416610.688699999824166, 4543181.048900000751019 ], [ 416610.499499999918044, 4543181.618899999186397 ], [ 416610.385700000450015, 4543182.112800000235438 ], [ 416609.892500000074506, 4543183.4419 ], [ 416609.684500000439584, 4543183.954900000244379 ], [ 416609.418700000271201, 4543184.562899999320507 ], [ 416608.698599999770522, 4543185.892899999395013 ], [ 416608.375599999912083, 4543186.556900000199676 ], [ 416608.261599999852479, 4543186.746899999678135 ], [ 416607.560600000433624, 4543188.855900000780821 ], [ 416607.35259999986738, 4543189.520899999886751 ], [ 416607.181599999777973, 4543189.994899999350309 ], [ 416606.973600000143051, 4543190.583799999207258 ], [ 416606.631599999964237, 4543191.1919 ], [ 416606.271599999628961, 4543191.780899999663234 ], [ 416605.778500000014901, 4543192.540899999439716 ], [ 416605.114599999971688, 4543193.433900000527501 ], [ 416603.842600000090897, 4543195.010900000110269 ], [ 416601.200600000098348, 4543193.288799999281764 ], [ 416597.295599999837577, 4543193.149800000712276 ], [ 416587.259499999694526, 4543204.174799999222159 ], [ 416582.776499999687076, 4543210.289799999445677 ], [ 416570.893500000238419, 4543222.533700000494719 ], [ 416561.404299999587238, 4543233.788599999621511 ], [ 416555.656299999915063, 4543239.279799999669194 ], [ 416547.602300000376999, 4543249.084499999880791 ], [ 416540.045199999585748, 4543258.10050000064075 ], [ 416533.946100000292063, 4543267.059499999508262 ], [ 416529.480000000447035, 4543272.088500000536442 ], [ 416525.643099999986589, 4543276.088500000536442 ], [ 416517.825000000186265, 4543285.787399999797344 ], [ 416513.898900000378489, 4543290.638399999588728 ], [ 416511.432000000029802, 4543295.464299999177456 ], [ 416509.010700000450015, 4543298.932399999350309 ], [ 416502.644899999722838, 4543308.098300000652671 ], [ 416499.586799999698997, 4543312.052300000563264 ], [ 416491.422899999655783, 4543323.454299999400973 ], [ 416488.831699999980628, 4543326.857200000435114 ], [ 416487.123700000345707, 4543330.38120000064373 ], [ 416485.641699999570847, 4543333.120200000703335 ], [ 416484.196700000204146, 4543336.063200000673532 ], [ 416483.425699999555945, 4543338.757200000807643 ], [ 416483.403699999675155, 4543341.575099999085069 ], [ 416483.603699999861419, 4543343.404100000858307 ], [ 416484.653699999675155, 4543345.356100000441074 ], [ 416487.703300000168383, 4543350.988099999725819 ], [ 416484.320600000210106, 4543357.335100000724196 ], [ 416481.873599999584258, 4543361.875099999830127 ], [ 416478.55449999962002, 4543368.769999999552965 ], [ 416475.786500000394881, 4543374.316999999806285 ], [ 416475.311499999836087, 4543374.259999999776483 ], [ 416466.826500000432134, 4543378.880000000819564 ], [ 416459.601400000043213, 4543394.095899999141693 ], [ 416458.634399999864399, 4543395.671900000423193 ], [ 416450.19539999961853, 4543412.977800000458956 ], [ 416444.223199999891222, 4543426.254699999466538 ], [ 416442.081199999898672, 4543431.782800000160933 ], [ 416438.331899999640882, 4543448.03969999961555 ], [ 416434.22510000038892, 4543467.1656 ], [ 416429.83490000013262, 4543489.120500000193715 ], [ 416428.324799999594688, 4543502.41440000012517 ], [ 416427.966799999587238, 4543507.370400000363588 ], [ 416427.838700000196695, 4543513.998299999162555 ], [ 416427.943400000222027, 4543515.27309999987483 ], [ 416428.027099999599159, 4543516.292099999263883 ], [ 416428.412700000219047, 4543520.986400000751019 ], [ 416428.75760000012815, 4543525.16330000013113 ], [ 416429.520600000396371, 4543529.834300000220537 ], [ 416431.252600000239909, 4543535.739199999719858 ], [ 416433.535600000061095, 4543541.700200000777841 ], [ 416435.437599999830127, 4543546.826199999079108 ], [ 416438.329599999822676, 4543553.7752 ], [ 416441.372700000181794, 4543560.875099999830127 ], [ 416448.143400000408292, 4543576.783900000154972 ], [ 416456.683299999684095, 4543596.393899999558926 ], [ 416463.645299999974668, 4543612.340900000184774 ], [ 416464.614299999549985, 4543613.764799999073148 ], [ 416467.407100000418723, 4543616.174900000914931 ], [ 416472.29009999986738, 4543619.1908 ], [ 416472.442300000227988, 4543619.228800000622869 ], [ 416473.849299999885261, 4543622.380799999460578 ], [ 416479.917200000025332, 4543636.561799999326468 ], [ 416486.423000000417233, 4543652.129499999806285 ], [ 416491.919999999925494, 4543664.981599999591708 ], [ 416498.063799999654293, 4543679.42960000038147 ], [ 416502.037899999879301, 4543688.066400000825524 ], [ 416504.719899999909103, 4543693.74349999986589 ], [ 416508.141900000162423, 4543700.121400000527501 ], [ 416513.617899999953806, 4543708.967399999499321 ], [ 416516.848899999633431, 4543713.978399999439716 ], [ 416519.259700000286102, 4543717.396299999207258 ], [ 416524.595700000412762, 4543725.022299999371171 ], [ 416533.476700000464916, 4543737.636199999600649 ], [ 416537.990699999965727, 4543744.0373 ], [ 416539.416699999943376, 4543745.697200000286102 ], [ 416543.068699999712408, 4543750.083200000226498 ], [ 416548.224600000306964, 4543757.236099999397993 ], [ 416553.329599999822676, 4543764.321000000461936 ], [ 416561.525500000454485, 4543775.718100000172853 ], [ 416572.159500000067055, 4543790.276000000536442 ], [ 416580.159400000236928, 4543801.718900000676513 ], [ 416583.160299999639392, 4543805.996799999848008 ], [ 416587.655299999751151, 4543812.370799999684095 ], [ 416592.055399999953806, 4543818.6097 ], [ 416595.473399999551475, 4543823.467800000682473 ], [ 416599.519399999640882, 4543829.2195999994874 ], [ 416603.314299999736249, 4543834.361700000241399 ], [ 416606.682300000451505, 4543839.202600000426173 ], [ 416610.336199999786913, 4543843.759700000286102 ], [ 416613.623200000263751, 4543847.8026 ], [ 416664.125099999830127, 4543894.0724 ], [ 416668.92200000025332, 4543897.956199999898672 ], [ 416680.775000000372529, 4543908.036399999633431 ], [ 416686.004999999888241, 4543912.383300000801682 ], [ 416687.105000000447035, 4543913.626499999314547 ], [ 416686.997999999672174, 4543914.101299999281764 ], [ 416697.362900000065565, 4543924.920299999415874 ], [ 416702.167100000195205, 4543926.379599999636412 ], [ 416704.181300000287592, 4543926.991399999707937 ], [ 416706.75, 4543927.771600000560284 ], [ 416712.67200000025332, 4543929.5702 ], [ 416726.605899999849498, 4543933.773199999704957 ], [ 416746.08490000013262, 4543939.943199999630451 ], [ 416757.714900000020862, 4543943.27419999986887 ], [ 416778.34389999974519, 4543947.313100000843406 ], [ 416784.854899999685585, 4543948.341099999845028 ], [ 416789.205099999904633, 4543949.158099999651313 ], [ 416801.965900000184774, 4543951.738099999725819 ], [ 416808.55489999987185, 4543949.017000000923872 ], [ 416822.184000000357628, 4543943.272099999710917 ], [ 416837.025000000372529, 4543941.397099999710917 ], [ 416860.574099999852479, 4543939.221000000834465 ], [ 416868.161999999545515, 4543938.075099999085069 ], [ 416877.61710000038147, 4543934.5943 ], [ 416886.559700000099838, 4543931.353000000119209 ], [ 416911.489400000311434, 4543922.317099999636412 ], [ 416911.568199999630451, 4543922.290100000798702 ], [ 416914.559999999590218, 4543921.281099999323487 ], [ 416918.7034, 4543920.096699999645352 ], [ 416920.88329999987036, 4543919.473600000143051 ], [ 416967.688099999912083, 4543932.678099999204278 ], [ 416982.14670000039041, 4543936.757099999114871 ], [ 416993.61739999987185, 4543939.993200000375509 ], [ 417058.724899999797344, 4543958.361300000920892 ], [ 417060.354199999943376, 4543958.820900000631809 ], [ 417067.270100000314415, 4543965.543700000271201 ], [ 417069.452100000344217, 4543967.664799999445677 ], [ 417069.143099999986589, 4543969.996799999848008 ], [ 417064.695199999958277, 4543975.454800000414252 ], [ 417050.894999999552965, 4543989.901799999177456 ], [ 417050.942999999970198, 4543990.794800000265241 ], [ 417056.515999999828637, 4543996.4627 ], [ 417057.415000000037253, 4543996.652699999511242 ], [ 417064.625099999830127, 4543989.288799999281764 ], [ 417075.796099999919534, 4543977.4298 ], [ 417081.256099999882281, 4543971.920800000429153 ], [ 417093.56900000013411, 4543983.469699999317527 ], [ 417106.177199999801815, 4543996.294700000435114 ], [ 417108.280100000090897, 4543994.2237 ], [ 417111.099100000225008, 4543990.607699999585748 ], [ 417126.949000000022352, 4544004.527499999850988 ], [ 417134.980999999679625, 4544012.320599999278784 ], [ 417137.360999999567866, 4544014.627599999308586 ], [ 417141.71100000012666, 4544010.015599999576807 ], [ 417144.931900000199676, 4544012.193600000813603 ], [ 417150.971900000236928, 4544016.936599999666214 ], [ 417153.583899999968708, 4544020.095499999821186 ], [ 417155.288900000043213, 4544022.057499999180436 ], [ 417159.594899999909103, 4544030.347500000149012 ], [ 417171.50870000012219, 4544052.665400000289083 ], [ 417168.808799999766052, 4544054.88539999909699 ], [ 417165.177799999713898, 4544058.058399999514222 ], [ 417157.893699999898672, 4544063.71030000038445 ], [ 417148.982699999585748, 4544069.791300000622869 ], [ 417136.687599999830127, 4544079.039300000295043 ], [ 417131.217400000430644, 4544083.064300000667572 ], [ 417129.871399999596179, 4544084.598300000652671 ], [ 417129.6546, 4544085.455299999564886 ], [ 417130.384499999694526, 4544087.052300000563264 ], [ 417135.384499999694526, 4544094.603199999779463 ], [ 417142.801500000059605, 4544105.6963 ], [ 417149.546500000171363, 4544115.321100000292063 ], [ 417155.018500000238419, 4544123.478000000119209 ], [ 417159.236499999649823, 4544129.621099999174476 ], [ 417160.894399999640882, 4544130.131999999284744 ], [ 417161.090400000102818, 4544129.80599999986589 ], [ 417169.372399999760091, 4544131.609099999070168 ], [ 417183.181400000117719, 4544145.830900000408292 ], [ 417183.913399999961257, 4544146.649900000542402 ], [ 417176.639299999922514, 4544153.747899999842048 ], [ 417176.299300000071526, 4544154.619000000879169 ], [ 417176.764299999922514, 4544155.443900000303984 ], [ 417182.371299999766052, 4544161.319900000467896 ], [ 417191.911199999973178, 4544171.405799999833107 ], [ 417192.880199999548495, 4544172.130799999460578 ], [ 417193.540199999697506, 4544172.295800000429153 ], [ 417194.216199999675155, 4544171.834799999371171 ], [ 417204.441300000064075, 4544161.874800000339746 ], [ 417209.838499999605119, 4544143.279999999329448 ], [ 417219.977300000376999, 4544153.442900000140071 ], [ 417223.290400000289083, 4544150.481899999082088 ], [ 417234.143400000408292, 4544162.290899999439716 ], [ 417242.458300000056624, 4544171.430800000205636 ], [ 417242.910299999639392, 4544171.8607 ], [ 417255.472299999557436, 4544185.342700000852346 ], [ 417248.419200000353158, 4544190.198599999770522 ], [ 417256.5011, 4544210.421599999070168 ], [ 417272.165000000037253, 4544225.388499999418855 ], [ 417273.361999999731779, 4544224.171499999240041 ], [ 417274.088999999687076, 4544224.752499999478459 ], [ 417274.440000000409782, 4544224.417500000447035 ], [ 417274.898000000044703, 4544224.944499999284744 ], [ 417277.014999999664724, 4544226.3915 ], [ 417271.990000000223517, 4544229.894500000402331 ], [ 417280.1409, 4544242.006400000303984 ], [ 417293.198900000192225, 4544260.694299999624491 ], [ 417295.870500000193715, 4544264.531199999153614 ], [ 417295.918499999679625, 4544264.600099999457598 ], [ 417301.956799999810755, 4544273.272299999371171 ], [ 417306.89879999961704, 4544270.098300000652671 ], [ 417307.815799999982119, 4544271.182199999690056 ], [ 417306.404799999669194, 4544272.136199999600649 ], [ 417313.671799999661744, 4544283.28319999948144 ], [ 417320.07880000025034, 4544293.225099999457598 ], [ 417324.449699999764562, 4544299.871099999174476 ], [ 417334.477800000458956, 4544313.315999999642372 ], [ 417343.212600000202656, 4544324.849999999627471 ], [ 417346.428600000217557, 4544328.937999999150634 ], [ 417353.590599999763072, 4544337.91190000064671 ], [ 417362.432500000111759, 4544348.817900000140071 ], [ 417370.06940000038594, 4544357.6919 ], [ 417380.137400000356138, 4544368.750800000503659 ], [ 417381.009399999864399, 4544367.718800000846386 ], [ 417381.221499999985099, 4544367.833799999207258 ], [ 417381.205400000326335, 4544368.519799999892712 ], [ 417399.08739999961108, 4544380.151699999347329 ], [ 417404.915400000289083, 4544383.748800000175834 ], [ 417418.643299999646842, 4544392.864700000733137 ], [ 417429.028300000354648, 4544399.673599999397993 ], [ 417429.471300000324845, 4544399.676599999889731 ], [ 417429.138299999758601, 4544400.015599999576807 ], [ 417429.855299999937415, 4544400.622600000351667 ], [ 417430.543300000019372, 4544400.161599999293685 ], [ 417431.470300000160933, 4544401.184599999338388 ], [ 417432.819299999624491, 4544402.67259999923408 ], [ 417434.608300000429153, 4544403.783600000664592 ], [ 417437.924700000323355, 4544406.5526 ], [ 417438.020499999634922, 4544406.63260000012815 ], [ 417439.389299999922514, 4544407.77559999935329 ], [ 417442.798200000077486, 4544410.713500000536442 ], [ 417442.973399999551475, 4544410.8805 ], [ 417446.700799999758601, 4544414.077600000426173 ], [ 417452.514200000092387, 4544419.088700000196695 ], [ 417468.087000000290573, 4544432.592499999329448 ], [ 417470.809100000187755, 4544435.102399999275804 ], [ 417470.218399999663234, 4544436.579800000414252 ], [ 417476.532100000418723, 4544442.61739999987185 ], [ 417482.151899999938905, 4544448.236099999397993 ], [ 417482.621299999766052, 4544448.614900000393391 ], [ 417484.224200000055134, 4544446.418299999088049 ], [ 417502.516099999658763, 4544462.510299999266863 ], [ 417504.495099999941885, 4544460.437300000339746 ], [ 417505.980100000277162, 4544461.7303 ], [ 417504.010900000110269, 4544463.75929999910295 ], [ 417511.176500000059605, 4544470.3925 ], [ 417521.05449999962002, 4544479.4594 ], [ 417523.107099999673665, 4544481.288200000301003 ], [ 417542.911799999885261, 4544496.33809999935329 ], [ 417556.952899999916553, 4544507.880999999120831 ], [ 417564.540900000371039, 4544514.120999999344349 ], [ 417591.07079999987036, 4544533.908900000154972 ], [ 417592.329599999822676, 4544532.898700000718236 ], [ 417594.279799999669194, 4544534.631799999624491 ], [ 417594.125799999572337, 4544535.136800000444055 ], [ 417593.904799999669194, 4544537.0768 ], [ 417604.67090000025928, 4544538.207800000905991 ], [ 417616.229799999855459, 4544539.589800000190735 ], [ 417623.46999999973923, 4544539.881799999624491 ], [ 417639.371799999848008, 4544540.57289999909699 ], [ 417669.63289999961853, 4544541.6908 ], [ 417672.205900000408292, 4544542.043800000101328 ], [ 417689.203900000080466, 4544550.357899999246001 ], [ 417705.185800000093877, 4544557.849700000137091 ], [ 417716.364799999631941, 4544563.208699999377131 ], [ 417727.602800000458956, 4544568.5877 ], [ 417722.767799999564886, 4544578.5945999994874 ], [ 417721.219700000248849, 4544581.902599999681115 ], [ 417712.165699999779463, 4544577.512700000777841 ], [ 417709.561599999666214, 4544582.795499999076128 ], [ 417720.674700000323355, 4544588.043500000610948 ], [ 417728.68030000012368, 4544591.823899999260902 ], [ 417735.868700000457466, 4544595.218499999493361 ], [ 417738.471699999645352, 4544590.035599999129772 ], [ 417733.037999999709427, 4544587.466299999505281 ], [ 417729.438699999824166, 4544585.764599999412894 ], [ 417730.249200000427663, 4544583.936599999666214 ], [ 417730.872800000011921, 4544582.5296 ], [ 417735.859899999573827, 4544572.594499999657273 ], [ 417744.873800000175834, 4544576.925499999895692 ], [ 417748.133799999952316, 4544578.8936 ], [ 417754.331799999810755, 4544584.434499999508262 ], [ 417754.077800000086427, 4544584.772700000554323 ], [ 417755.871799999848008, 4544586.497600000351667 ], [ 417764.523699999786913, 4544594.6075 ], [ 417779.946700000204146, 4544605.919399999082088 ], [ 417780.013700000010431, 4544606.827500000596046 ], [ 417778.762699999846518, 4544608.440500000491738 ], [ 417780.650700000114739, 4544609.610400000587106 ], [ 417781.861700000241399, 4544607.820499999448657 ], [ 417784.726700000464916, 4544609.930299999192357 ], [ 417784.571700000204146, 4544610.208399999886751 ], [ 417800.255599999800324, 4544621.954299999400973 ], [ 417810.849600000306964, 4544630.501499999314547 ], [ 417822.399500000290573, 4544639.89130000025034 ], [ 417819.075500000268221, 4544644.171299999579787 ], [ 417828.65749999973923, 4544652.370999999344349 ], [ 417850.213399999774992, 4544670.86710000038147 ], [ 417852.071399999782443, 4544668.597100000828505 ], [ 417869.223500000312924, 4544683.197000000625849 ], [ 417880.914300000295043, 4544692.900000000372529 ], [ 417892.326299999840558, 4544702.369899999350309 ], [ 417901.508200000040233, 4544709.921800000593066 ], [ 417915.208200000226498, 4544721.051799999549985 ], [ 417919.27280000038445, 4544724.359200000762939 ], [ 417919.923000000417233, 4544724.888299999758601 ], [ 417925.305100000463426, 4544729.267799999564886 ], [ 417930.701100000180304, 4544733.569700000807643 ], [ 417931.718100000172853, 4544732.394799999892712 ], [ 417934.271099999547005, 4544734.922800000756979 ], [ 417944.131199999712408, 4544743.199500000104308 ], [ 417943.93709999974817, 4544743.5777000002563 ], [ 417949.870199999772012, 4544748.270600000396371 ], [ 417950.67119999974966, 4544747.195599999278784 ], [ 417952.353099999949336, 4544747.3596 ], [ 417955.558100000023842, 4544749.842700000852346 ], [ 417955.749099999666214, 4544751.283700000494719 ], [ 417955.083100000396371, 4544752.001700000837445 ], [ 417955.563099999912083, 4544752.649599999189377 ], [ 417953.798000000417233, 4544754.26659999974072 ], [ 417965.467000000178814, 4544765.968499999493361 ], [ 417964.068500000052154, 4544767.561300000175834 ], [ 417972.047600000165403, 4544775.5581 ], [ 417973.49199999962002, 4544773.82149999961257 ], [ 417974.211500000208616, 4544774.506699999794364 ], [ 417975.379999999888241, 4544775.619699999690056 ], [ 417982.635900000110269, 4544782.377499999478459 ], [ 417994.17989999987185, 4544793.308599999174476 ], [ 417999.385900000110269, 4544798.462400000542402 ], [ 418005.358, 4544805.409399999305606 ], [ 418009.840800000354648, 4544809.89949999935925 ], [ 418011.521800000220537, 4544811.583399999886751 ], [ 418013.538800000213087, 4544813.879300000146031 ], [ 418030.280799999833107, 4544831.408299999311566 ], [ 418033.204800000414252, 4544828.852299999445677 ], [ 418043.331799999810755, 4544840.6272 ], [ 418043.497700000181794, 4544840.771199999377131 ], [ 418044.32909999974072, 4544842.700500000268221 ], [ 418047.3277000002563, 4544845.318 ], [ 418046.742700000293553, 4544846.193 ], [ 418047.837700000032783, 4544847.0932 ], [ 418048.443799999542534, 4544846.336200000718236 ], [ 418060.275700000114739, 4544856.336100000888109 ], [ 418059.56969999987632, 4544857.01410000026226 ], [ 418068.037700000219047, 4544864.414100000634789 ], [ 418073.019700000062585, 4544868.879000000655651 ], [ 418073.512600000016391, 4544868.755999999120831 ], [ 418084.074599999934435, 4544878.094000000506639 ], [ 418083.712600000202656, 4544879.678999999538064 ], [ 418084.527599999681115, 4544880.245999999344349 ], [ 418086.994599999859929, 4544877.475999999791384 ], [ 418087.302600000053644, 4544876.4847999997437 ], [ 418087.630699999630451, 4544875.552799999713898 ], [ 418087.898699999786913, 4544874.581000000238419 ], [ 418088.028699999675155, 4544873.610999999567866 ], [ 418088.237700000405312, 4544872.641000000759959 ], [ 418089.186700000427663, 4544872.691999999806285 ], [ 418090.002700000070035, 4544873.278000000864267 ], [ 418090.739699999801815, 4544873.924000000581145 ], [ 418091.418700000271201, 4544874.649000000208616 ], [ 418091.999900000169873, 4544875.333399999886751 ], [ 418088.303199999965727, 4544879.9112 ], [ 418088.200299999676645, 4544881.67200000025332 ], [ 418086.671000000089407, 4544883.228199999779463 ], [ 418087.169599999673665, 4544883.881899999454618 ], [ 418086.491600000299513, 4544885.469900000840425 ], [ 418089.998599999584258, 4544888.641000000759959 ], [ 418099.586500000208616, 4544897.434800000861287 ], [ 418101.128600000403821, 4544896.678899999707937 ], [ 418103.096199999563396, 4544898.307900000363588 ], [ 418105.618599999696016, 4544895.241699999198318 ], [ 418115.433600000105798, 4544901.776900000870228 ], [ 418115.531499999575317, 4544902.477900000289083 ], [ 418113.643500000238419, 4544904.989800000563264 ], [ 418118.122499999590218, 4544908.005799999460578 ], [ 418118.414499999955297, 4544907.9858 ], [ 418123.749400000087917, 4544911.800799999386072 ], [ 418125.715499999932945, 4544909.580800000578165 ], [ 418126.026499999687076, 4544909.71680000051856 ], [ 418130.758500000461936, 4544912.96680000051856 ], [ 418128.968399999663234, 4544914.87470000050962 ], [ 418134.498499999754131, 4544918.57179999910295 ], [ 418135.831500000320375, 4544916.771800000220537 ], [ 418139.86809999961406, 4544920.250499999150634 ], [ 418141.151899999938905, 4544918.731300000101328 ], [ 418145.255499999970198, 4544922.375800000503659 ], [ 418147.251799999736249, 4544923.932499999180436 ], [ 418152.616399999707937, 4544928.116699999198318 ], [ 418160.833399999886751, 4544934.810599999502301 ], [ 418161.028400000184774, 4544935.355799999088049 ], [ 418161.204400000162423, 4544937.2445 ], [ 418161.424399999901652, 4544938.799499999731779 ], [ 418159.341799999587238, 4544941.327099999412894 ], [ 418165.670199999585748, 4544947.126800000667572 ], [ 418166.702200000174344, 4544945.996899999678135 ], [ 418169.720200000330806, 4544948.74070000089705 ], [ 418169.020200000144541, 4544949.539899999275804 ], [ 418173.985000000335276, 4544954.190899999812245 ], [ 418174.666000000201166, 4544953.4901 ], [ 418176.652900000102818, 4544955.299499999731779 ], [ 418173.77170000039041, 4544958.395899999886751 ], [ 418179.049999999813735, 4544963.319499999284744 ], [ 418180.320600000210106, 4544962.006300000473857 ], [ 418183.280199999921024, 4544964.85249999910593 ], [ 418182.307199999690056, 4544965.709499999880791 ], [ 418187.623300000093877, 4544970.594499999657273 ], [ 418188.493300000205636, 4544969.681500000879169 ], [ 418200.250199999660254, 4544980.880400000140071 ], [ 418202.528199999593198, 4544981.989499999210238 ], [ 418203.151300000026822, 4544981.1524 ], [ 418203.018299999646842, 4544979.276399999856949 ], [ 418206.8136, 4544976.385199999436736 ], [ 418207.008600000292063, 4544976.5793999992311 ], [ 418213.378299999982119, 4544970.795499999076128 ], [ 418216.729299999773502, 4544974.450400000438094 ], [ 418214.736700000241399, 4544976.30379999987781 ], [ 418204.496100000105798, 4544984.692399999126792 ], [ 418203.547199999913573, 4544985.988399999216199 ], [ 418204.163800000213087, 4544986.74100000038743 ], [ 418214.297100000083447, 4544999.107300000265241 ], [ 418213.421099999919534, 4544999.827299999073148 ], [ 418214.220099999569356, 4545000.664300000295043 ], [ 418215.173100000247359, 4544999.963300000876188 ], [ 418217.510099999606609, 4545003.097400000318885 ], [ 418218.525899999774992, 4545004.361500000581145 ], [ 418225.203099999576807, 4545012.6722 ], [ 418225.865199999883771, 4545011.952199999243021 ], [ 418228.922100000083447, 4545014.657299999147654 ], [ 418229.176099999807775, 4545017.460200000554323 ], [ 418233.265100000426173, 4545020.808299999684095 ], [ 418235.893000000156462, 4545020.5932 ], [ 418237.470999999903142, 4545022.111099999397993 ], [ 418240.293999999761581, 4545022.830199999734759 ], [ 418240.50800000037998, 4545022.98619999922812 ], [ 418248.822999999858439, 4545029.914200000464916 ], [ 418247.868999999947846, 4545031.29619999974966 ], [ 418257.352099999785423, 4545038.633099999278784 ], [ 418258.870000000111759, 4545036.199100000783801 ], [ 418269.267900000326335, 4545043.438100000843406 ], [ 418269.072900000028312, 4545043.789100000634789 ], [ 418283.229000000283122, 4545053.3432 ], [ 418283.426799999549985, 4545053.013399999588728 ], [ 418292.575899999588728, 4545059.278000000864267 ], [ 418292.322900000028312, 4545059.589999999850988 ], [ 418295.982900000177324, 4545062.099999999627471 ], [ 418301.103900000452995, 4545065.134999999776483 ], [ 418302.174899999983609, 4545063.480000000447035 ], [ 418303.444099999964237, 4545064.407400000840425 ], [ 418305.575500000268221, 4545065.964700000360608 ], [ 418309.804700000211596, 4545069.05460000038147 ], [ 418316.661999999545515, 4545074.064999999478459 ], [ 418323.573800000362098, 4545079.221899999305606 ], [ 418325.266699999570847, 4545076.262900000438094 ], [ 418332.996899999678135, 4545079.978900000452995 ], [ 418335.936300000175834, 4545082.511600000783801 ], [ 418335.430499999783933, 4545083.680400000885129 ], [ 418341.510800000280142, 4545085.943900000303984 ], [ 418342.81900000013411, 4545086.644500000402331 ], [ 418345.607800000347197, 4545088.137800000607967 ], [ 418353.448200000450015, 4545092.826199999079108 ], [ 418352.838200000114739, 4545094.012199999764562 ], [ 418365.065999999642372, 4545100.316400000825524 ], [ 418365.432799999602139, 4545099.049799999222159 ], [ 418374.31180000025779, 4545103.543800000101328 ], [ 418376.062800000421703, 4545098.549799999222159 ], [ 418384.852800000458956, 4545100.299799999222159 ], [ 418383.719200000166893, 4545102.426200000569224 ], [ 418385.970999999903142, 4545103.547700000926852 ], [ 418382.618200000375509, 4545109.882999999448657 ], [ 418390.170400000177324, 4545113.70890000090003 ], [ 418395.121299999766052, 4545116.652699999511242 ], [ 418397.075699999928474, 4545113.209699999541044 ], [ 418406.512900000438094, 4545120.402699999511242 ], [ 418405.102300000376999, 4545122.439500000327826 ], [ 418395.385700000450015, 4545136.640599999576807 ], [ 418395.300699999555945, 4545137.208599999547005 ], [ 418395.754700000397861, 4545137.89159999974072 ], [ 418396.236600000411272, 4545138.394600000232458 ], [ 418397.376600000075996, 4545139.1316 ], [ 418405.872600000351667, 4545144.791500000283122 ], [ 418406.559600000269711, 4545144.875499999150634 ], [ 418406.827600000426173, 4545144.783500000834465 ], [ 418407.4216, 4545144.450500000268221 ], [ 418407.627600000239909, 4545144.060499999672174 ], [ 418415.257699999958277, 4545131.966600000858307 ], [ 418415.437699999660254, 4545132.05460000038147 ], [ 418424.062599999830127, 4545138.936599999666214 ], [ 418432.865600000135601, 4545145.788499999791384 ], [ 418436.831600000150502, 4545148.800499999895692 ], [ 418444.672600000165403, 4545154.73450000025332 ], [ 418444.43680000025779, 4545155.034499999135733 ], [ 418453.385499999858439, 4545165.019400000572205 ], [ 418453.799499999731779, 4545164.5384 ], [ 418453.949500000104308, 4545164.6864 ], [ 418463.550499999895692, 4545173.949300000444055 ], [ 418472.492499999701977, 4545183.068299999460578 ], [ 418482.638399999588728, 4545193.342199999839067 ], [ 418484.143400000408292, 4545194.881300000473857 ], [ 418488.913399999961257, 4545201.2292 ], [ 418489.150399999693036, 4545201.018200000748038 ], [ 418493.472400000318885, 4545207.311200000345707 ], [ 418491.39740000013262, 4545209.119200000539422 ], [ 418493.898400000296533, 4545211.844200000166893 ], [ 418497.082399999722838, 4545217.818299999460578 ], [ 418496.670400000177324, 4545218.448300000280142 ], [ 418500.763399999588728, 4545222.4441 ], [ 418502.691399999894202, 4545224.517100000753999 ], [ 418503.230399999767542, 4545225.0801 ], [ 418505.552299999631941, 4545227.507999999448657 ], [ 418505.447300000116229, 4545229.241100000217557 ], [ 418508.906200000084937, 4545232.406099999323487 ], [ 418509.648199999704957, 4545231.892100000753999 ], [ 418514.289200000464916, 4545237.166899999603629 ], [ 418514.003200000151992, 4545238.572100000455976 ], [ 418517.014200000092387, 4545241.68099999986589 ], [ 418519.468299999833107, 4545239.505000000819564 ], [ 418520.212299999780953, 4545240.046 ], [ 418520.392300000414252, 4545240.164000000804663 ], [ 418520.661299999803305, 4545240.251000000163913 ], [ 418520.99129999987781, 4545240.457100000232458 ], [ 418521.440299999900162, 4545240.6031 ], [ 418522.040300000458956, 4545240.866100000217557 ], [ 418522.432300000451505, 4545241.341 ], [ 418522.55530000012368, 4545241.846999999135733 ], [ 418522.560300000011921, 4545242.413100000470877 ], [ 418522.983300000429153, 4545243.007099999114871 ], [ 418523.345300000160933, 4545243.511 ], [ 418523.707299999892712, 4545243.895899999886751 ], [ 418524.186300000175834, 4545244.1009 ], [ 418524.694299999624491, 4545244.186899999156594 ], [ 418524.962299999780953, 4545244.095000000670552 ], [ 418525.260300000198185, 4545243.942900000140071 ], [ 418525.764299999922514, 4545243.63990000076592 ], [ 418526.178299999795854, 4545243.158900000154972 ], [ 418526.564299999736249, 4545242.8279 ], [ 418526.860299999825656, 4545242.527000000700355 ], [ 418527.512299999594688, 4545241.983899999409914 ], [ 418527.868300000205636, 4545241.681900000199676 ], [ 418528.106300000101328, 4545241.590900000184774 ], [ 418528.55530000012368, 4545241.765900000929832 ], [ 418528.944299999624491, 4545241.852 ], [ 418529.363300000317395, 4545242.058000000193715 ], [ 418529.814299999736249, 4545242.381999999284744 ], [ 418530.354299999773502, 4545242.766000000759959 ], [ 418530.955299999564886, 4545243.239 ], [ 418531.58629999961704, 4545243.74100000038743 ], [ 418531.858300000429153, 4545244.066999999806285 ], [ 418532.190299999900162, 4545244.48200000077486 ], [ 418532.611200000159442, 4545244.86600000038743 ], [ 418532.761199999600649, 4545245.043999999761581 ], [ 418533.123200000263751, 4545245.459000000730157 ], [ 418533.185200000181794, 4545245.727 ], [ 418533.160199999809265, 4545246.265000000596046 ], [ 418532.62430000025779, 4545246.507999999448657 ], [ 418532.179299999959767, 4545246.810000000521541 ], [ 418531.736299999989569, 4545247.380999999120831 ], [ 418531.767300000414252, 4545247.5 ], [ 418532.069299999624491, 4545247.945900000631809 ], [ 418532.462299999780953, 4545248.5099 ], [ 418532.852300000376999, 4545248.684900000691414 ], [ 418532.971300000324845, 4545248.624900000169873 ], [ 418533.269199999980628, 4545248.591900000348687 ], [ 418533.329199999570847, 4545248.591900000348687 ], [ 418533.653199999593198, 4545248.1119 ], [ 418533.771200000308454, 4545248.020899999886751 ], [ 418534.070199999958277, 4545247.988900000229478 ], [ 418534.462199999950826, 4545248.432900000363588 ], [ 418534.944199999794364, 4545249.025800000876188 ], [ 418535.456199999898672, 4545249.498999999836087 ], [ 418535.72620000038296, 4545249.705800000578165 ], [ 418535.907200000248849, 4545249.88399999961257 ], [ 418536.027200000360608, 4545250.001800000667572 ], [ 418536.148199999704957, 4545250.150000000372529 ], [ 418536.268199999816716, 4545250.298800000920892 ], [ 418536.569199999794364, 4545250.623999999836087 ], [ 418537.229199999943376, 4545251.006999999284744 ], [ 418537.681200000457466, 4545251.450999999418855 ], [ 418536.142199999652803, 4545253.061000000685453 ], [ 418536.273199999704957, 4545253.189999999478459 ], [ 418536.575199999846518, 4545253.545 ], [ 418536.666199999861419, 4545253.69400000013411 ], [ 418536.847199999727309, 4545253.901000000536442 ], [ 418537.058199999853969, 4545254.198000000789762 ], [ 418537.570199999958277, 4545254.760900000110269 ], [ 418538.202200000174344, 4545255.352900000289083 ], [ 418538.805200000293553, 4545256.033900000154972 ], [ 418539.587199999950826, 4545256.773900000378489 ], [ 418540.639200000092387, 4545257.6009 ], [ 418541.3902000002563, 4545258.221899999305606 ], [ 418542.292200000025332, 4545258.92989999987185 ], [ 418542.928600000217557, 4545259.503900000825524 ], [ 418541.052099999971688, 4545261.584899999201298 ], [ 418549.106100000441074, 4545267.964800000190735 ], [ 418548.542100000195205, 4545268.387800000607967 ], [ 418554.43709999974817, 4545273.621799999848008 ], [ 418555.148199999704957, 4545273.018799999728799 ], [ 418555.548200000077486, 4545273.355799999088049 ], [ 418558.035199999809265, 4545270.405799999833107 ], [ 418559.280199999921024, 4545271.526799999177456 ], [ 418560.000199999660254, 4545271.967800000682473 ], [ 418560.333200000226498, 4545272.56279999949038 ], [ 418560.755199999548495, 4545273.006799999624491 ], [ 418560.965099999681115, 4545273.183800000697374 ], [ 418560.879200000315905, 4545273.602900000289083 ], [ 418561.331100000068545, 4545274.105900000780821 ], [ 418561.572100000455976, 4545274.312899999320507 ], [ 418561.901100000366569, 4545274.42989999987185 ], [ 418562.29009999986738, 4545274.575899999588728 ], [ 418562.620099999941885, 4545274.7818 ], [ 418562.653099999763072, 4545275.079900000244379 ], [ 418562.776100000366569, 4545275.556900000199676 ], [ 418563.590099999681115, 4545276.504799999296665 ], [ 418562.409099999815226, 4545277.839800000190735 ], [ 418563.043100000359118, 4545278.699799999594688 ], [ 418562.395999999716878, 4545279.898700000718236 ], [ 418568.168100000359118, 4545284.746899999678135 ], [ 418568.61809999961406, 4545285.040699999779463 ], [ 418572.784099999815226, 4545287.982799999415874 ], [ 418584.522099999710917, 4545295.449699999764562 ], [ 418584.3761, 4545295.809699999168515 ], [ 418588.417100000195205, 4545297.553899999707937 ], [ 418598.242999999783933, 4545301.3147 ], [ 418609.002999999560416, 4545305.530600000172853 ], [ 418610.085099999792874, 4545304.7006 ], [ 418610.884899999946356, 4545304.533600000664592 ], [ 418612.985100000165403, 4545305.168600000441074 ], [ 418615.714999999850988, 4545306.028699999675155 ], [ 418620.128999999724329, 4545307.592599999159575 ], [ 418624.958999999798834, 4545309.087600000202656 ], [ 418625.167999999597669, 4545309.112600000575185 ], [ 418625.544999999925494, 4545308.686599999666214 ], [ 418625.71999999973923, 4545308.533600000664592 ], [ 418625.939000000245869, 4545307.724600000306964 ], [ 418638.078099999576807, 4545312.3246 ], [ 418638.224999999627471, 4545312.231799999251962 ], [ 418639.83490000013262, 4545312.313400000333786 ], [ 418640.428000000305474, 4545312.2094 ], [ 418640.531000000424683, 4545311.522700000554323 ], [ 418640.559999999590218, 4545311.49269999936223 ], [ 418640.708999999798834, 4545311.488700000569224 ], [ 418641.673000000417233, 4545309.441500000655651 ], [ 418644.100999999791384, 4545310.098600000143051 ], [ 418643.5329, 4545312.553600000217557 ], [ 418643.638000000268221, 4545313.235600000247359 ], [ 418644.20990000013262, 4545313.490599999204278 ], [ 418645.561999999918044, 4545313.994599999859929 ], [ 418647.667000000365078, 4545314.868599999696016 ], [ 418648.723000000230968, 4545315.469699999317527 ], [ 418660.303199999965727, 4545320.3805 ], [ 418671.942999999970198, 4545325.319499999284744 ], [ 418681.049899999983609, 4545341.63429999910295 ], [ 418682.473899999633431, 4545342.643500000238419 ], [ 418693.446899999864399, 4545350.903400000184774 ], [ 418702.385999999940395, 4545357.484400000423193 ], [ 418705.236800000071526, 4545359.71030000038445 ], [ 418707.830799999646842, 4545362.879799999296665 ], [ 418709.374800000339746, 4545364.76630000025034 ], [ 418710.385999999940395, 4545365.963300000876188 ], [ 418714.366799999959767, 4545373.196100000292063 ], [ 418717.72580000013113, 4545379.281199999153614 ], [ 418719.516699999570847, 4545382.009199999272823 ], [ 418721.025799999944866, 4545384.148199999704957 ], [ 418724.556699999608099, 4545388.711200000718236 ], [ 418729.027700000442564, 4545390.1554000005126 ], [ 418740.088899999856949, 4545391.981200000271201 ], [ 418745.914800000376999, 4545392.7972 ], [ 418755.689699999988079, 4545395.635099999606609 ], [ 418760.272699999623001, 4545398.0592 ], [ 418766.939799999818206, 4545401.715099999681115 ], [ 418774.935600000433624, 4545405.021099999547005 ], [ 418777.494699999690056, 4545405.881100000813603 ], [ 418787.257299999706447, 4545409.487500000745058 ], [ 418789.331699999980628, 4545410.150000000372529 ], [ 418792.781700000166893, 4545411.231100000441074 ], [ 418793.188699999824166, 4545412.1151 ], [ 418803.276600000448525, 4545415.631100000813603 ], [ 418801.845599999651313, 4545419.357100000604987 ], [ 418804.875599999912083, 4545420.299000000581145 ], [ 418805.084599999710917, 4545420.353000000119209 ], [ 418805.572800000198185, 4545418.994000000879169 ], [ 418807.907599999569356, 4545419.731000000610948 ], [ 418806.902599999681115, 4545421.302999999374151 ], [ 418811.414599999785423, 4545423.251900000497699 ], [ 418819.69469999987632, 4545425.857999999076128 ], [ 418819.375500000081956, 4545426.222999999299645 ], [ 418823.754700000397861, 4545427.550100000575185 ], [ 418823.698699999600649, 4545427.699899999424815 ], [ 418823.299499999731779, 4545428.483799999579787 ], [ 418826.994599999859929, 4545429.85700000077486 ], [ 418827.418600000441074, 4545428.864 ], [ 418837.628600000403821, 4545432.496999999508262 ], [ 418839.12540000025183, 4545433.845300000160933 ], [ 418843.073599999770522, 4545437.401900000870228 ], [ 418842.702600000426173, 4545438.095899999141693 ], [ 418843.974600000306964, 4545439.018899999558926 ], [ 418846.558600000105798, 4545440.000700000673532 ], [ 418850.039599999785423, 4545441.13990000076592 ], [ 418851.625599999912083, 4545441.460899999365211 ], [ 418853.475599999539554, 4545441.595899999141693 ], [ 418852.767500000074506, 4545444.441800000146031 ], [ 418868.795599999837577, 4545452.345799999311566 ], [ 418873.444600000046194, 4545452.504799999296665 ], [ 418881.254499999806285, 4545456.63880000077188 ], [ 418886.802500000223517, 4545459.576899999752641 ], [ 418890.931300000287592, 4545463.6554000005126 ], [ 418892.158300000242889, 4545464.867599999532104 ], [ 418908.476400000043213, 4545480.987500000745058 ], [ 418915.357400000095367, 4545487.437599999830127 ], [ 418915.29839999973774, 4545487.49860000051558 ], [ 418915.184399999678135, 4545487.680600000545382 ], [ 418914.804399999789894, 4545488.01659999974072 ], [ 418914.283400000073016, 4545488.6546 ], [ 418914.168399999849498, 4545488.835699999704957 ], [ 418918.618400000035763, 4545493.198599999770522 ], [ 418918.770399999804795, 4545493.3136 ], [ 418918.538399999961257, 4545493.587600000202656 ], [ 418922.072399999946356, 4545496.988700000569224 ], [ 418921.783400000073016, 4545497.353700000792742 ], [ 418926.089399999938905, 4545501.339600000530481 ], [ 418935.775299999862909, 4545511.094499999657273 ], [ 418952.013299999758601, 4545526.591399999335408 ], [ 418952.409300000406802, 4545526.999399999156594 ], [ 418952.501299999654293, 4545527.116399999707937 ], [ 418951.832299999892712, 4545527.787399999797344 ], [ 418951.512299999594688, 4545528.092399999499321 ], [ 418954.3443, 4545530.795399999246001 ], [ 418954.406299999915063, 4545530.883400000631809 ], [ 418954.955299999564886, 4545531.466399999335408 ], [ 418955.155299999751151, 4545531.074400000274181 ], [ 418955.304299999959767, 4545531.071399999782443 ], [ 418962.686300000175834, 4545538.581299999728799 ], [ 418962.780299999751151, 4545538.7884 ], [ 418963.519199999980628, 4545539.842299999669194 ], [ 418968.212799999862909, 4545542.996200000867248 ], [ 418971.458599999547005, 4545545.176899999380112 ], [ 418974.341799999587238, 4545547.114099999889731 ], [ 418979.282200000248849, 4545550.433299999684095 ], [ 419002.662100000306964, 4545567.128200000151992 ], [ 419002.870099999941885, 4545567.0932 ], [ 419015.18709999974817, 4545576.045299999415874 ], [ 419016.282100000418723, 4545576.869000000879169 ], [ 419020.449199999682605, 4545580.006100000813603 ], [ 419020.662999999709427, 4545580.269099999219179 ], [ 419021.814000000245869, 4545581.076099999248981 ], [ 419021.938000000081956, 4545581.312100000679493 ], [ 419032.891200000420213, 4545589.880999999120831 ], [ 419038.865199999883771, 4545594.555099999532104 ], [ 419033.521999999880791, 4545601.648 ], [ 419037.341000000014901, 4545604.507099999114871 ], [ 419042.483, 4545597.716 ], [ 419042.60219999961555, 4545597.713999999687076 ], [ 419082.251899999566376, 4545627.57880000025034 ], [ 419071.544800000265241, 4545642.182800000533462 ], [ 419070.788800000213087, 4545641.693800000473857 ], [ 419033.155899999663234, 4545613.841900000348687 ], [ 419031.120900000445545, 4545612.335999999195337 ], [ 419033.11089999973774, 4545609.824999999254942 ], [ 419033.261900000274181, 4545609.634999999776483 ], [ 419033.107900000177324, 4545609.520099999383092 ], [ 419029.503899999894202, 4545606.83500000089407 ], [ 419024.503899999894202, 4545613.354000000283122 ], [ 419033.221900000236928, 4545619.812999999150634 ], [ 419051.232800000347197, 4545633.1579 ], [ 419051.54079999960959, 4545633.626900000497699 ], [ 419055.688799999654293, 4545636.537799999117851 ], [ 419056.171799999661744, 4545636.794800000265241 ], [ 419068.749800000339746, 4545646.178899999707937 ], [ 419067.27379999961704, 4545647.999800000339746 ], [ 419073.874800000339746, 4545652.699799999594688 ], [ 419076.329699999652803, 4545649.426799999549985 ], [ 419076.450699999928474, 4545649.512800000607967 ], [ 419081.647699999623001, 4545653.432199999690056 ], [ 419087.147099999710917, 4545657.579800000414252 ], [ 419090.122700000181794, 4545659.823699999600649 ], [ 419090.664800000376999, 4545660.078700000420213 ], [ 419090.707700000144541, 4545660.643699999898672 ], [ 419094.403699999675155, 4545663.3267 ], [ 419094.698800000362098, 4545663.230699999257922 ], [ 419095.635700000450015, 4545663.8037 ], [ 419103.485600000247359, 4545669.665699999779463 ], [ 419131.826000000350177, 4545690.935499999672174 ], [ 419146.461600000038743, 4545702.149599999189377 ], [ 419149.639600000344217, 4545698.242499999701977 ], [ 419151.196600000374019, 4545699.690400000661612 ], [ 419149.390599999576807, 4545702.157500000670552 ], [ 419149.306599999777973, 4545702.561499999836087 ], [ 419149.397599999792874, 4545703.01039999909699 ], [ 419149.538599999621511, 4545703.370400000363588 ], [ 419149.706600000150502, 4545703.726399999111891 ], [ 419149.979600000195205, 4545703.962500000372529 ], [ 419161.094499999657273, 4545712.689500000327826 ], [ 419184.636400000192225, 4545730.188300000503659 ], [ 419185.267400000244379, 4545730.7303 ], [ 419188.878399999812245, 4545733.832299999892712 ], [ 419197.837299999780953, 4545739.961300000548363 ], [ 419216.419400000013411, 4545753.876199999824166 ], [ 419237.531000000424683, 4545769.488399999216199 ], [ 419241.608300000429153, 4545772.503100000321865 ], [ 419252.901300000026822, 4545780.933000000193715 ], [ 419270.200199999846518, 4545794.034 ], [ 419289.640300000086427, 4545808.395899999886751 ], [ 419300.905600000172853, 4545816.856799999251962 ], [ 419307.291899999603629, 4545821.654899999499321 ], [ 419330.153099999763072, 4545838.838700000196695 ], [ 419333.336099999956787, 4545841.230699999257922 ], [ 419345.067099999636412, 4545850.049699999392033 ], [ 419373.809000000357628, 4545864.061599999666214 ], [ 419393.648000000044703, 4545866.2226 ], [ 419423.259999999776483, 4545869.761499999091029 ], [ 419442.007100000046194, 4545871.776499999687076 ], [ 419471.183100000023842, 4545875.378499999642372 ], [ 419470.582999999634922, 4545888.338400000706315 ], [ 419487.30599999986589, 4545889.055400000885129 ], [ 419489.951000000350177, 4545889.340399999171495 ], [ 419493.810999999754131, 4545889.511399999260902 ], [ 419499.527999999932945, 4545889.8114 ], [ 419505.451999999582767, 4545889.735400000587106 ], [ 419512.825199999846518, 4545889.842399999499321 ], [ 419516.830900000408292, 4545890.023399999365211 ], [ 419517.304100000299513, 4545885.795399999246001 ], [ 419532.681800000369549, 4545895.016799999400973 ], [ 419536.519799999892712, 4545897.318399999290705 ], [ 419538.048999999649823, 4545898.235300000756979 ], [ 419541.772099999710917, 4545900.436300000175834 ], [ 419541.963000000454485, 4545900.7994 ], [ 419542.320000000298023, 4545901.037399999797344 ], [ 419546.423999999649823, 4545903.3903 ], [ 419549.311099999584258, 4545906.551300000399351 ], [ 419551.959999999962747, 4545909.498299999162555 ], [ 419554.646900000050664, 4545912.642300000414252 ], [ 419557.233900000341237, 4545915.534299999475479 ], [ 419559.943900000303984, 4545918.564200000837445 ], [ 419562.116499999538064, 4545920.999800000339746 ], [ 419562.711900000460446, 4545921.668199999257922 ], [ 419568.194899999536574, 4545927.815300000831485 ], [ 419568.455900000408292, 4545927.885199999436736 ], [ 419574.06290000025183, 4545935.277100000530481 ], [ 419575.754900000058115, 4545937.474099999293685 ], [ 419578.702899999916553, 4545941.23509999923408 ], [ 419580.834800000302494, 4545943.609099999070168 ], [ 419580.226800000295043, 4545944.0131 ], [ 419581.206799999810755, 4545945.219100000336766 ], [ 419585.646800000220537, 4545950.6151 ], [ 419588.063799999654293, 4545948.768100000917912 ], [ 419591.265800000168383, 4545951.396999999880791 ], [ 419592.123800000175834, 4545952.438999999314547 ], [ 419589.368800000287592, 4545954.389000000432134 ], [ 419589.793800000101328, 4545954.853000000119209 ], [ 419589.557799999602139, 4545955.236999999731779 ], [ 419591.503800000064075, 4545957.363099999725819 ], [ 419593.573800000362098, 4545959.063100000843406 ], [ 419594.315799999982119, 4545959.67200000025332 ], [ 419594.903800000436604, 4545959.439999999478459 ], [ 419600.968799999915063, 4545964.746899999678135 ], [ 419601.027800000272691, 4545964.772099999710917 ], [ 419602.020800000056624, 4545965.662000000476837 ], [ 419604.685800000093877, 4545967.893999999389052 ], [ 419605.718799999915063, 4545969.526000000536442 ], [ 419605.069799999706447, 4545970.762000000104308 ], [ 419614.096699999645352, 4545976.337899999693036 ], [ 419614.957700000144541, 4545975.347899999469519 ], [ 419616.557699999772012, 4545976.348899999633431 ], [ 419615.834699999541044, 4545977.274900000542402 ], [ 419617.149699999950826, 4545978.318900000303984 ], [ 419618.076700000092387, 4545977.496899999678135 ], [ 419619.107699999585748, 4545978.012900000438094 ], [ 419618.62569999974221, 4545979.182900000363588 ], [ 419628.434700000099838, 4545982.829900000244379 ], [ 419629.080699999816716, 4545981.564999999478459 ], [ 419634.852699999697506, 4545984.08390000090003 ], [ 419634.890700000338256, 4545985.855900000780821 ], [ 419635.214700000360608, 4545986.0099 ], [ 419635.416699999943376, 4545985.513900000602007 ], [ 419636.4527000002563, 4545986.172900000587106 ], [ 419636.069600000046194, 4545987.0219 ], [ 419642.445700000040233, 4545990.13880000077188 ], [ 419643.338700000196695, 4545989.273 ], [ 419643.338700000196695, 4545989.214999999850988 ], [ 419643.954599999822676, 4545988.318800000473857 ], [ 419646.267599999904633, 4545989.727900000289083 ], [ 419645.909699999727309, 4545990.4989 ], [ 419646.812699999660254, 4545991.019899999722838 ], [ 419652.037700000219047, 4545992.968800000846386 ], [ 419657.725200000219047, 4545995.314799999818206 ], [ 419663.202399999834597, 4545998.708000000566244 ], [ 419663.92960000038147, 4545997.3278 ], [ 419667.269600000232458, 4545998.672800000756979 ], [ 419667.787800000049174, 4545999.503799999132752 ], [ 419665.945600000210106, 4546007.584799999371171 ], [ 419667.67850000038743, 4546008.931700000539422 ], [ 419676.625599999912083, 4546012.561599999666214 ], [ 419678.450600000098348, 4546013.183700000867248 ], [ 419680.105600000359118, 4546013.2237 ], [ 419681.335500000044703, 4546007.106799999251962 ], [ 419682.979299999773502, 4546007.357699999585748 ], [ 419686.9046, 4546007.956700000911951 ], [ 419690.490600000135601, 4546008.996799999848008 ], [ 419698.532599999569356, 4546012.768699999898672 ], [ 419703.339599999599159, 4546015.968699999153614 ], [ 419710.954599999822676, 4546021.364499999210238 ], [ 419720.010599999688566, 4546028.027599999681115 ], [ 419720.935499999672174, 4546027.176599999889731 ], [ 419717.035500000230968, 4546023.2686 ], [ 419714.938500000163913, 4546021.520700000226498 ], [ 419702.418600000441074, 4546012.7007 ], [ 419700.759600000455976, 4546011.618699999526143 ], [ 419698.022599999792874, 4546010.221699999645352 ], [ 419693.019600000232458, 4546007.602600000798702 ], [ 419692.690600000321865, 4546007.3618 ], [ 419696.712600000202656, 4546001.95160000026226 ], [ 419700.114699999801815, 4545996.806800000369549 ], [ 419709.360700000077486, 4546003.487700000405312 ], [ 419717.508600000292063, 4546009.407700000330806 ], [ 419717.449599999934435, 4546009.580900000408292 ], [ 419718.488599999807775, 4546010.400800000876188 ], [ 419718.663599999621511, 4546010.285800000652671 ], [ 419724.702600000426173, 4546014.652699999511242 ], [ 419720.463200000114739, 4546021.672399999573827 ], [ 419724.945600000210106, 4546025.397700000554323 ], [ 419731.919599999673665, 4546033.5945999994874 ], [ 419731.569500000216067, 4546034.376599999144673 ], [ 419730.142199999652803, 4546036.863399999216199 ], [ 419729.162499999627471, 4546038.946599999442697 ], [ 419729.465499999932945, 4546042.7686 ], [ 419743.059500000439584, 4546053.0625 ], [ 419755.100200000219047, 4546062.133899999782443 ], [ 419759.639399999752641, 4546065.553400000557303 ], [ 419773.005400000140071, 4546067.835400000214577 ], [ 419772.8454, 4546067.590399999171495 ], [ 419775.742600000463426, 4546063.812400000169873 ], [ 419776.921400000341237, 4546064.603499999269843 ], [ 419778.504399999976158, 4546062.964400000870228 ], [ 419779.914499999955297, 4546063.692399999126792 ], [ 419779.003399999812245, 4546064.889399999752641 ], [ 419792.046500000171363, 4546073.543400000780821 ], [ 419792.775399999693036, 4546072.241399999707937 ], [ 419794.258200000040233, 4546073.110400000587106 ], [ 419793.452399999834597, 4546074.384400000795722 ], [ 419799.482800000347197, 4546078.3695 ], [ 419801.487399999983609, 4546079.411299999803305 ], [ 419802.536399999633431, 4546077.961300000548363 ], [ 419804.238400000147521, 4546079.005400000140071 ], [ 419803.267400000244379, 4546080.84940000064671 ], [ 419803.838600000366569, 4546081.232200000435114 ], [ 419808.221199999563396, 4546084.168500000610948 ], [ 419811.106999999843538, 4546086.102099999785423 ], [ 419816.238400000147521, 4546089.540300000458956 ], [ 419821.243300000205636, 4546092.732300000265241 ], [ 419823.780299999751151, 4546094.301300000399351 ], [ 419824.712299999780953, 4546092.684299999848008 ], [ 419829.453300000168383, 4546095.538200000301003 ], [ 419828.298299999907613, 4546097.098200000822544 ], [ 419829.914300000295043, 4546098.098200000822544 ], [ 419829.917299999855459, 4546098.126199999824166 ], [ 419831.63329999987036, 4546099.17820000089705 ], [ 419831.591300000436604, 4546099.466399999335408 ], [ 419831.830400000326335, 4546101.255300000309944 ], [ 419832.307300000451505, 4546101.602099999785423 ], [ 419830.894299999810755, 4546103.510299999266863 ], [ 419832.509300000034273, 4546104.278999999165535 ], [ 419832.878299999982119, 4546103.68720000050962 ], [ 419834.247299999929965, 4546104.15819999948144 ], [ 419833.812300000339746, 4546105.096200000494719 ], [ 419835.89130000025034, 4546106.0132 ], [ 419837.560800000093877, 4546103.223799999803305 ], [ 419843.148699999786913, 4546106.6118 ], [ 419842.461900000460446, 4546107.650800000876188 ], [ 419848.191599999554455, 4546111.002599999308586 ], [ 419848.931599999777973, 4546109.874800000339746 ], [ 419854.28830000013113, 4546113.028999999165535 ], [ 419862.781299999915063, 4546118.2631 ], [ 419865.967299999669194, 4546120.066099999472499 ], [ 419868.902700000442564, 4546121.739299999549985 ], [ 419871.604299999773502, 4546123.279100000858307 ], [ 419871.023299999535084, 4546124.185100000351667 ], [ 419873.818199999630451, 4546125.590900000184774 ], [ 419875.0932, 4546123.262000000104308 ], [ 419871.559299999848008, 4546121.3651 ], [ 419875.483300000429153, 4546114.602099999785423 ], [ 419878.78110000025481, 4546116.341099999845028 ], [ 419881.500300000421703, 4546117.425200000405312 ], [ 419876.016200000420213, 4546128.70409999974072 ], [ 419877.903199999593198, 4546129.746099999174476 ], [ 419877.748200000263751, 4546130.04109999909997 ], [ 419877.896200000308454, 4546130.14809999987483 ], [ 419887.984199999831617, 4546136.153999999165535 ], [ 419887.323200000450015, 4546137.227 ], [ 419893.939199999906123, 4546141.153000000864267 ], [ 419896.125199999660254, 4546137.687100000679493 ], [ 419902.678299999795854, 4546141.45299999974668 ], [ 419909.4222999997437, 4546129.818 ], [ 419913.645299999974668, 4546132.020999999716878 ], [ 419906.656000000424683, 4546144.0 ], [ 419908.417200000025332, 4546144.950899999588728 ], [ 419909.006199999712408, 4546144.742900000885129 ], [ 419909.222199999727309, 4546144.530999999493361 ], [ 419912.590200000442564, 4546146.213999999687076 ], [ 419917.222199999727309, 4546149.103000000119209 ], [ 419917.902200000360608, 4546149.549000000581145 ], [ 419920.856200000271201, 4546151.239900000393391 ], [ 419934.701100000180304, 4546159.533099999651313 ], [ 419940.191100000403821, 4546162.640900000929832 ], [ 419940.162100000306964, 4546162.6699 ], [ 419941.034099999815226, 4546164.273900000378489 ], [ 419941.697100000455976, 4546165.325899999588728 ], [ 419942.681099999696016, 4546166.371799999848008 ], [ 419943.510099999606609, 4546166.851800000295043 ], [ 419944.262099999934435, 4546165.44679999910295 ], [ 419945.956100000068545, 4546166.476800000295043 ], [ 419945.311099999584258, 4546167.842800000682473 ], [ 419947.499099999666214, 4546168.648900000378489 ], [ 419949.38910000026226, 4546168.855900000780821 ], [ 419950.707100000232458, 4546168.933900000527501 ], [ 419953.0921, 4546170.396800000220537 ], [ 419952.156000000424683, 4546172.685799999162555 ], [ 419953.92200000025332, 4546173.67879999987781 ], [ 419955.841099999845028, 4546170.398800000548363 ], [ 419957.589100000448525, 4546167.371799999848008 ], [ 419958.525100000202656, 4546166.283800000324845 ], [ 419960.594100000336766, 4546168.158800000324845 ], [ 419960.375099999830127, 4546169.480000000447035 ], [ 419958.334099999628961, 4546173.722699999809265 ], [ 419957.484000000171363, 4546175.4847999997437 ], [ 419957.850999999791384, 4546176.010800000280142 ], [ 419973.044099999591708, 4546183.980799999088049 ], [ 419976.714100000448525, 4546185.958699999377131 ], [ 419980.558000000193715, 4546187.999800000339746 ], [ 419981.114000000059605, 4546188.408800000324845 ], [ 419980.048999999649823, 4546190.103700000792742 ], [ 419980.411000000312924, 4546190.380699999630451 ], [ 419992.526999999769032, 4546196.793700000271201 ], [ 419996.342000000178814, 4546198.820599999278784 ], [ 419996.365000000223517, 4546199.216600000858307 ], [ 419996.184000000357628, 4546199.511600000783801 ], [ 420001.998999999836087, 4546202.191700000315905 ], [ 420002.598000000230968, 4546200.763699999079108 ], [ 420013.938799999654293, 4546205.5417 ], [ 420017.578999999910593, 4546207.009600000455976 ], [ 420018.021999999880791, 4546207.190600000321865 ], [ 420026.006000000052154, 4546210.656600000336766 ], [ 420024.404000000096858, 4546214.635600000619888 ], [ 420042.471900000236928, 4546220.851700000464916 ], [ 420044.459699999541044, 4546224.009199999272823 ], [ 420043.334699999541044, 4546227.805099999532104 ], [ 420053.897900000214577, 4546231.914200000464916 ], [ 420059.948499999940395, 4546234.267799999564886 ], [ 420059.97690000012517, 4546232.876499999314547 ], [ 420061.278199999593198, 4546233.310399999842048 ], [ 420064.192900000140071, 4546234.282500000670552 ], [ 420066.345900000073016, 4546234.80350000038743 ], [ 420066.619900000281632, 4546233.972500000149012 ], [ 420067.618900000117719, 4546234.199500000104308 ], [ 420067.297799999825656, 4546235.184499999508262 ], [ 420069.50789999961853, 4546235.701500000432134 ], [ 420068.796900000423193, 4546239.331399999558926 ], [ 420069.574900000356138, 4546239.514499999582767 ], [ 420079.302899999544024, 4546242.412399999797344 ], [ 420077.841799999587238, 4546249.190400000661612 ], [ 420083.702899999916553, 4546250.721400000154972 ], [ 420082.650899999774992, 4546254.967399999499321 ], [ 420082.361899999901652, 4546255.739399999380112 ], [ 420083.293800000101328, 4546260.877299999818206 ], [ 420082.939799999818206, 4546262.557299999520183 ], [ 420091.441800000146031, 4546264.6623 ], [ 420106.942800000309944, 4546268.50029999949038 ], [ 420108.071800000034273, 4546268.084300000220537 ], [ 420120.831600000150502, 4546270.99129999987781 ], [ 420122.549200000241399, 4546271.412799999117851 ], [ 420124.726599999703467, 4546271.947000000625849 ], [ 420127.189799999818206, 4546272.551300000399351 ], [ 420128.358799999579787, 4546272.838300000876188 ], [ 420129.738800000399351, 4546273.177300000563264 ], [ 420129.640800000168383, 4546273.570299999788404 ], [ 420151.654699999839067, 4546281.2642 ], [ 420152.024799999780953, 4546280.331199999898672 ], [ 420152.968700000084937, 4546280.606200000271201 ], [ 420157.00690000038594, 4546265.36119999922812 ], [ 420155.864900000393391, 4546265.1732 ], [ 420158.916799999773502, 4546253.124299999326468 ], [ 420162.73589999973774, 4546254.001299999654293 ], [ 420160.783800000324845, 4546262.2632 ], [ 420161.864799999631941, 4546262.843100000172853 ], [ 420157.2818, 4546279.203199999406934 ], [ 420156.566800000146031, 4546279.077199999243021 ], [ 420156.115799999795854, 4546281.186200000345707 ], [ 420158.042200000025332, 4546281.633400000631809 ], [ 420165.627700000070035, 4546283.394200000911951 ], [ 420165.925699999555945, 4546282.392200000584126 ], [ 420167.321700000204146, 4546282.7522 ], [ 420166.951700000092387, 4546283.75620000064373 ], [ 420178.816800000146031, 4546286.162200000137091 ], [ 420179.616600000299513, 4546286.330199999734759 ], [ 420180.598799999803305, 4546282.466199999675155 ], [ 420181.994800000451505, 4546282.862199999392033 ], [ 420181.259800000116229, 4546286.614199999719858 ], [ 420183.192800000309944, 4546287.176100000739098 ], [ 420184.065799999982119, 4546286.409099999815226 ], [ 420191.469700000248849, 4546288.202199999243021 ], [ 420191.517699999734759, 4546288.770199999213219 ], [ 420194.629700000397861, 4546289.555099999532104 ], [ 420194.683299999684095, 4546290.047499999403954 ], [ 420199.669700000435114, 4546291.406300000846386 ], [ 420199.555499999783933, 4546291.7179000005126 ], [ 420198.570700000040233, 4546294.402000000700355 ], [ 420209.56180000025779, 4546297.538100000470877 ], [ 420209.079800000414252, 4546298.259999999776483 ], [ 420210.472799999639392, 4546298.51410000026226 ], [ 420210.381799999624491, 4546299.263000000268221 ], [ 420213.811300000175834, 4546301.238700000569224 ], [ 420215.216300000436604, 4546302.048100000247359 ], [ 420227.571700000204146, 4546309.165100000798702 ], [ 420227.601700000464916, 4546308.915100000798702 ], [ 420230.622700000181794, 4546310.41300000064075 ], [ 420228.357699999585748, 4546314.16300000064075 ], [ 420230.001500000245869, 4546315.090600000694394 ], [ 420230.8273, 4546315.556399999186397 ], [ 420243.344600000418723, 4546322.619000000879169 ], [ 420246.020600000396371, 4546318.357999999076128 ], [ 420249.683600000105798, 4546320.836899999529123 ], [ 420248.009600000455976, 4546325.311899999156594 ], [ 420253.341199999675155, 4546328.347500000149012 ], [ 420254.071600000374019, 4546328.763499999418855 ], [ 420260.923600000329316, 4546332.66469999961555 ], [ 420268.074500000104308, 4546336.774900000542402 ], [ 420268.569500000216067, 4546337.098799999803305 ], [ 420271.562599999830127, 4546338.9539 ], [ 420278.867999999783933, 4546343.067600000649691 ], [ 420279.771800000220537, 4546343.57660000026226 ], [ 420281.279199999757111, 4546344.4254 ], [ 420282.382399999536574, 4546345.046499999240041 ], [ 420288.542200000025332, 4546348.515000000596046 ], [ 420289.4682, 4546349.036399999633431 ], [ 420293.693500000052154, 4546351.415699999779463 ], [ 420295.752500000409782, 4546352.617799999192357 ], [ 420299.487499999813735, 4546355.259700000286102 ], [ 420298.884899999946356, 4546356.359099999070168 ], [ 420301.807900000363588, 4546358.104800000786781 ], [ 420301.269500000402331, 4546358.767799999564886 ], [ 420304.579900000244379, 4546360.906999999657273 ], [ 420304.966900000348687, 4546360.462799999862909 ], [ 420306.433500000275671, 4546361.635700000450015 ], [ 420305.167100000195205, 4546362.744699999690056 ], [ 420301.634300000034273, 4546365.8377 ], [ 420305.072100000455976, 4546370.747099999338388 ], [ 420306.446600000374019, 4546372.825300000607967 ], [ 420308.035400000400841, 4546375.352700000628829 ], [ 420306.85259999986738, 4546376.024599999189377 ], [ 420310.67339999973774, 4546381.1436 ], [ 420311.707399999722838, 4546380.5456000007689 ], [ 420312.680399999953806, 4546381.8597999997437 ], [ 420311.597400000318885, 4546382.549799999222159 ], [ 420315.394399999640882, 4546387.988600000739098 ], [ 420315.763399999588728, 4546388.209599999710917 ], [ 420317.352400000207126, 4546387.2456 ], [ 420317.941399999894202, 4546388.077600000426173 ], [ 420319.8454, 4546387.287599999457598 ], [ 420321.466400000266731, 4546389.8136 ], [ 420321.296400000341237, 4546390.137599999085069 ], [ 420327.076299999840558, 4546397.338500000536442 ], [ 420326.457299999892712, 4546398.280500000342727 ], [ 420325.957299999892712, 4546399.711899999529123 ], [ 420324.682400000281632, 4546403.362500000745058 ], [ 420322.5472999997437, 4546409.666500000283122 ], [ 420322.115299999713898, 4546410.020700000226498 ], [ 420319.225300000049174, 4546418.317399999126792 ], [ 420318.391400000080466, 4546418.350600000470877 ], [ 420317.874200000427663, 4546424.137499999254942 ], [ 420317.729199999943376, 4546424.702500000596046 ], [ 420320.33420000039041, 4546425.0384 ], [ 420319.726099999621511, 4546432.949400000274181 ], [ 420318.541100000031292, 4546432.994400000199676 ], [ 420316.895100000314415, 4546432.99239999987185 ], [ 420315.252100000157952, 4546442.124299999326468 ], [ 420313.150899999774992, 4546441.910299999639392 ], [ 420312.809200000017881, 4546448.926000000908971 ], [ 420315.052500000223517, 4546449.053999999538064 ], [ 420315.075000000186265, 4546451.650100000202656 ], [ 420312.57880000025034, 4546451.42090000025928 ], [ 420313.020999999716878, 4546453.092299999669194 ], [ 420316.149000000208616, 4546461.44620000012219 ], [ 420316.524500000290573, 4546462.6162 ], [ 420319.247999999672174, 4546471.1042 ], [ 420319.80489999987185, 4546472.159199999645352 ], [ 420337.505900000222027, 4546487.528100000694394 ], [ 420348.791799999773502, 4546497.445000000298023 ], [ 420348.42960000038147, 4546499.376800000667572 ], [ 420348.074799999594688, 4546501.26799999922514 ], [ 420347.048799999989569, 4546505.931199999526143 ], [ 420344.885800000280142, 4546506.276000000536442 ], [ 420344.00069999974221, 4546515.872999999672174 ], [ 420341.243700000457466, 4546516.677999999374151 ], [ 420338.297799999825656, 4546517.96309999935329 ], [ 420335.713800000026822, 4546519.4189 ], [ 420328.322599999606609, 4546531.573999999091029 ], [ 420327.370099999941885, 4546538.135700000450015 ], [ 420304.192599999718368, 4546542.4748 ], [ 420304.615899999625981, 4546546.919800000265241 ], [ 420317.088800000026822, 4546546.1349 ], [ 420323.438799999654293, 4546545.579299999400973 ], [ 420322.645100000314415, 4546550.818099999800324 ], [ 420317.647599999792874, 4546553.222799999639392 ], [ 420318.17339999973774, 4546555.602800000458956 ], [ 420318.308400000445545, 4546556.211799999698997 ], [ 420319.173999999649823, 4546558.788799999281764 ], [ 420320.927500000223517, 4546564.012700000777841 ], [ 420321.625500000081956, 4546565.114700000733137 ], [ 420322.525500000454485, 4546566.535800000652671 ], [ 420324.04839999973774, 4546568.941800000146031 ], [ 420324.672399999573827, 4546571.566700000315905 ], [ 420323.60950000025332, 4546577.287000000476837 ], [ 420323.979899999685585, 4546590.780799999833107 ], [ 420325.355700000189245, 4546590.675000000745058 ], [ 420325.302799999713898, 4546589.1404 ], [ 420328.795300000347197, 4546588.875800000503659 ], [ 420329.153400000184774, 4546595.0494 ], [ 420323.888199999928474, 4546595.261099999770522 ], [ 420324.020499999634922, 4546597.8805 ], [ 420325.07880000025034, 4546597.854000000283122 ], [ 420325.449199999682605, 4546596.478199999779463 ], [ 420335.972299999557436, 4546595.7686 ], [ 420334.912299999967217, 4546601.406600000336766 ], [ 420333.148599999956787, 4546600.5263 ], [ 420324.338000000454485, 4546613.623199999332428 ], [ 420322.882799999788404, 4546612.273800000548363 ], [ 420321.162999999709427, 4546614.655099999159575 ], [ 420322.618200000375509, 4546615.84569999948144 ], [ 420321.711199999786913, 4546617.763399999588728 ], [ 420318.25899999961257, 4546620.551000000908971 ], [ 420315.11699999962002, 4546624.453400000929832 ], [ 420310.427099999971688, 4546630.060399999842048 ], [ 420308.684100000187755, 4546632.269500000402331 ], [ 420307.087199999950826, 4546631.087500000372529 ], [ 420304.808600000105798, 4546633.939300000667572 ], [ 420302.053100000135601, 4546637.387499999254942 ], [ 420303.688099999912083, 4546638.627399999648333 ], [ 420304.005099999718368, 4546638.206299999728799 ], [ 420305.584099999628961, 4546639.569399999454618 ], [ 420303.641099999658763, 4546641.871400000527501 ], [ 420298.248100000433624, 4546637.411399999633431 ], [ 420289.701000000350177, 4546647.537399999797344 ], [ 420294.453999999910593, 4546651.237299999222159 ], [ 420289.352900000289083, 4546658.54839999973774 ], [ 420282.638899999670684, 4546669.063200000673532 ], [ 420279.234299999661744, 4546666.5011 ], [ 420275.327399999834597, 4546672.27419999986887 ], [ 420270.568799999542534, 4546669.910299999639392 ], [ 420256.58490000013262, 4546662.240399999544024 ], [ 420253.616899999789894, 4546667.7193 ], [ 420248.47580000013113, 4546677.1722999997437 ], [ 420252.561999999918044, 4546679.421 ], [ 420263.170800000429153, 4546685.259199999272823 ], [ 420259.274799999780953, 4546686.4452 ], [ 420257.813699999824166, 4546701.905200000852346 ], [ 420257.747700000181794, 4546703.620100000873208 ], [ 420257.352800000458956, 4546713.947100000455976 ], [ 420255.127600000239909, 4546714.087099999189377 ], [ 420254.5466, 4546725.370999999344349 ], [ 420253.877600000239909, 4546725.206000000238419 ], [ 420253.814500000327826, 4546727.796 ], [ 420253.254499999806285, 4546739.911000000312924 ], [ 420254.964499999769032, 4546740.528899999335408 ], [ 420254.949699999764562, 4546743.4397 ], [ 420254.931599999777973, 4546746.980900000780821 ], [ 420256.2972999997437, 4546746.980000000447035 ], [ 420256.346400000154972, 4546754.473899999633431 ], [ 420256.182400000281632, 4546757.718900000676513 ], [ 420255.980399999767542, 4546757.961899999529123 ], [ 420252.769500000402331, 4546757.973799999803305 ], [ 420251.661399999633431, 4546759.06980000063777 ], [ 420251.491499999538064, 4546763.387800000607967 ], [ 420251.977400000207126, 4546763.852800000458956 ], [ 420251.823400000110269, 4546764.865800000727177 ], [ 420251.764399999752641, 4546764.9858 ], [ 420251.530500000342727, 4546765.1097999997437 ], [ 420251.329400000162423, 4546773.410800000652671 ], [ 420250.263399999588728, 4546773.55379999987781 ], [ 420250.618400000035763, 4546774.886900000274181 ], [ 420249.883399999700487, 4546775.228700000792742 ], [ 420249.754399999976158, 4546776.154899999499321 ], [ 420250.806300000287592, 4546780.530600000172853 ], [ 420251.220300000160933, 4546780.461799999698997 ], [ 420251.24129999987781, 4546781.4156 ], [ 420250.682300000451505, 4546781.604800000786781 ], [ 420249.774299999698997, 4546782.251599999144673 ], [ 420249.257299999706447, 4546783.035599999129772 ], [ 420249.122299999929965, 4546783.751599999144673 ], [ 420249.227300000376999, 4546784.462600000202656 ], [ 420248.486299999989569, 4546784.569599999114871 ], [ 420250.448300000280142, 4546793.802799999713898 ], [ 420252.138299999758601, 4546793.558700000867248 ], [ 420252.535299999639392, 4546793.96680000051856 ], [ 420253.162200000137091, 4546794.128599999472499 ], [ 420253.242300000041723, 4546795.048599999397993 ], [ 420252.328300000168383, 4546795.308599999174476 ], [ 420252.280299999751151, 4546795.875600000843406 ], [ 420251.58420000039041, 4546796.63260000012815 ], [ 420251.486299999989569, 4546797.189600000157952 ], [ 420248.45920000039041, 4546797.92259999923408 ], [ 420248.787200000137091, 4546799.3136 ], [ 420251.716300000436604, 4546798.622600000351667 ], [ 420251.992300000041723, 4546799.002599999308586 ], [ 420252.655299999751151, 4546799.376700000837445 ], [ 420252.671299999579787, 4546800.000700000673532 ], [ 420253.530299999751151, 4546799.921700000762939 ], [ 420253.917200000025332, 4546801.279699999839067 ], [ 420254.540199999697506, 4546802.455700000748038 ], [ 420258.42119999974966, 4546813.758400000631809 ], [ 420260.635200000368059, 4546820.461500000208616 ], [ 420262.053399999625981, 4546824.8684 ], [ 420263.938000000081956, 4546830.677500000223517 ], [ 420263.961799999698997, 4546830.798000000417233 ], [ 420264.290199999697506, 4546831.862999999895692 ], [ 420264.936999999918044, 4546834.046499999240041 ], [ 420265.974000000394881, 4546833.876499999314547 ], [ 420266.149000000208616, 4546833.780500000342727 ], [ 420267.557000000029802, 4546838.15059999935329 ], [ 420270.019000000320375, 4546837.887499999254942 ], [ 420270.110000000335276, 4546837.944499999284744 ], [ 420271.074000000022352, 4546841.224500000476837 ], [ 420271.341000000014901, 4546842.262499999254942 ], [ 420265.078099999576807, 4546843.882500000298023 ], [ 420259.268000000156462, 4546845.360400000587106 ], [ 420259.872000000439584, 4546847.13260000012815 ], [ 420265.575100000016391, 4546845.57630000077188 ], [ 420265.921699999831617, 4546846.755899999290705 ], [ 420267.22690000012517, 4546851.197599999606609 ], [ 420268.297899999655783, 4546854.842499999329448 ], [ 420270.371899999678135, 4546854.468399999663234 ], [ 420272.279900000430644, 4546860.018400000408292 ], [ 420273.822900000028312, 4546859.745400000363588 ], [ 420275.914900000207126, 4546860.262399999424815 ], [ 420277.447900000028312, 4546863.7193 ], [ 420278.06290000025183, 4546866.270300000905991 ], [ 420281.170800000429153, 4546878.870300000533462 ], [ 420280.599799999967217, 4546883.120300000533462 ], [ 420282.099799999967217, 4546888.944199999794364 ], [ 420282.779799999669194, 4546888.810200000181794 ], [ 420282.783800000324845, 4546888.92820000089705 ], [ 420282.85259999986738, 4546890.156199999153614 ], [ 420278.382699999958277, 4546890.2522 ], [ 420278.442699999548495, 4546891.710100000724196 ], [ 420282.931800000369549, 4546891.609200000762939 ], [ 420283.132699999958277, 4546895.166200000792742 ], [ 420283.161700000055134, 4546895.22719999961555 ], [ 420281.654799999669194, 4546895.677200000733137 ], [ 420283.795699999667704, 4546903.53999999910593 ], [ 420286.112700000405312, 4546911.778100000694394 ], [ 420284.464700000360608, 4546912.17710000090301 ], [ 420283.39850000012666, 4546912.2621 ], [ 420276.653599999845028, 4546913.870100000873208 ], [ 420277.248599999584258, 4546916.622099999338388 ], [ 420283.990799999795854, 4546914.807099999859929 ], [ 420284.572499999776483, 4546914.286100000143051 ], [ 420284.925699999555945, 4546914.07010000012815 ], [ 420286.671500000171363, 4546913.7631 ], [ 420284.870799999684095, 4546915.58809999935329 ], [ 420286.747600000351667, 4546929.08 ], [ 420286.48450000025332, 4546929.205 ], [ 420287.323599999770522, 4546936.201999999582767 ], [ 420286.25650000013411, 4546942.919800000265241 ], [ 420286.07149999961257, 4546943.892799999564886 ], [ 420279.360500000417233, 4546942.239 ], [ 420277.469600000418723, 4546940.139000000432134 ], [ 420275.767599999904633, 4546939.820000000298023 ], [ 420274.692699999548495, 4546944.932 ], [ 420276.126500000245869, 4546945.285000000149012 ], [ 420278.990399999544024, 4546944.297900000587106 ], [ 420285.686499999836087, 4546945.903799999505281 ], [ 420284.764600000344217, 4546950.744899999350309 ], [ 420284.680399999953806, 4546950.893899999558926 ], [ 420279.741499999538064, 4546950.8581000007689 ], [ 420279.567499999888241, 4546951.010900000110269 ], [ 420279.056499999947846, 4546950.841900000348687 ], [ 420273.372399999760091, 4546961.261900000274181 ], [ 420273.764299999922514, 4546976.09180000051856 ], [ 420274.328499999828637, 4546976.050799999386072 ], [ 420274.506199999712408, 4546975.926799999549985 ], [ 420274.485299999825656, 4546976.342800000682473 ], [ 420274.840200000442564, 4546976.335799999535084 ], [ 420275.529299999587238, 4546988.303600000217557 ], [ 420275.631299999542534, 4546992.716700000688434 ], [ 420275.806200000457466, 4547004.99349999986589 ], [ 420275.862099999561906, 4547016.158700000494719 ], [ 420277.160099999979138, 4547024.589500000700355 ], [ 420277.432300000451505, 4547026.357999999076128 ], [ 420272.724100000225008, 4547026.658600000664592 ], [ 420272.600999999791384, 4547025.175499999895692 ], [ 420270.196100000292063, 4547025.230499999597669 ], [ 420270.490100000053644, 4547029.17960000038147 ], [ 420272.898000000044703, 4547029.065500000491738 ], [ 420272.95299999974668, 4547027.577600000426173 ], [ 420277.588100000284612, 4547027.352600000798702 ], [ 420279.517599999904633, 4547039.8355 ], [ 420280.309000000357628, 4547045.575300000607967 ], [ 420281.006000000052154, 4547051.162399999797344 ], [ 420284.430900000035763, 4547076.430400000885129 ], [ 420286.768799999728799, 4547091.704299999400973 ], [ 420287.670699999667704, 4547097.346200000494719 ], [ 420290.206699999980628, 4547111.230200000107288 ], [ 420291.176599999889731, 4547118.116100000217557 ], [ 420299.50069999974221, 4547116.56110000051558 ], [ 420302.327600000426173, 4547128.51799999922514 ], [ 420302.849600000306964, 4547132.05599999986589 ], [ 420299.151600000448525, 4547132.761 ], [ 420302.637699999846518, 4547144.262000000104308 ], [ 420303.450500000268221, 4547144.28999999910593 ], [ 420304.718700000084937, 4547147.317900000140071 ], [ 420307.664499999955297, 4547157.163899999111891 ], [ 420309.663399999961257, 4547172.594900000840425 ], [ 420309.550400000065565, 4547175.8399 ], [ 420305.058199999853969, 4547177.539799999445677 ], [ 420299.951299999840558, 4547178.2708 ], [ 420301.453300000168383, 4547186.093800000846386 ], [ 420305.147300000302494, 4547185.0899 ], [ 420309.012199999764562, 4547198.6327 ], [ 420311.124099999666214, 4547198.162499999627471 ], [ 420313.424300000071526, 4547208.8147 ], [ 420313.989199999719858, 4547213.049599999561906 ], [ 420314.156200000084937, 4547216.437599999830127 ], [ 420314.636199999600649, 4547219.458599999547005 ], [ 420315.339200000278652, 4547223.115599999204278 ], [ 420317.016099999658763, 4547231.064600000157952 ], [ 420318.097099999897182, 4547234.329500000923872 ], [ 420319.794099999591708, 4547237.435499999672174 ], [ 420321.798999999649823, 4547241.049499999731779 ], [ 420323.385999999940395, 4547243.922499999403954 ], [ 420324.908999999985099, 4547246.902499999850988 ], [ 420321.174100000411272, 4547248.003499999642372 ], [ 420324.363900000229478, 4547256.51039999909699 ], [ 420327.525999999605119, 4547255.197499999776483 ], [ 420327.992999999783933, 4547255.9814 ], [ 420328.967000000178814, 4547258.013399999588728 ], [ 420329.619900000281632, 4547261.2434 ], [ 420330.557900000363588, 4547263.573300000280142 ], [ 420331.928899999707937, 4547266.322200000286102 ], [ 420334.450899999588728, 4547270.225400000810623 ], [ 420336.575899999588728, 4547272.972500000149012 ], [ 420340.423899999819696, 4547277.947300000116229 ], [ 420348.148900000378489, 4547289.720300000160933 ], [ 420346.126000000163913, 4547291.1053 ], [ 420347.538800000213087, 4547293.882200000807643 ], [ 420349.593799999915063, 4547292.93019999936223 ], [ 420350.054800000041723, 4547293.759199999272823 ], [ 420350.412999999709427, 4547293.691199999302626 ], [ 420362.333700000308454, 4547314.4070999994874 ], [ 420361.684700000099838, 4547314.905099999159575 ], [ 420364.479700000025332, 4547319.560100000351667 ], [ 420368.700699999928474, 4547317.715199999511242 ], [ 420368.77170000039041, 4547317.692199999466538 ], [ 420377.401600000448525, 4547337.300000000745058 ], [ 420382.652599999681115, 4547349.731000000610948 ], [ 420384.933600000105798, 4547355.105900000780821 ], [ 420387.895299999974668, 4547359.713899999856949 ], [ 420401.15749999973923, 4547368.9978 ], [ 420408.091500000096858, 4547373.9858 ], [ 420408.413499999791384, 4547373.3498 ], [ 420412.96750000026077, 4547376.7818 ], [ 420412.911899999715388, 4547379.488099999725819 ], [ 420412.35840000025928, 4547406.356499999761581 ], [ 420412.700199999846518, 4547426.110600000247359 ], [ 420413.065100000239909, 4547441.378699999302626 ], [ 420413.183100000023842, 4547449.156500000506639 ], [ 420412.537999999709427, 4547458.440400000661612 ], [ 420409.4989, 4547478.929300000891089 ], [ 420407.112900000065565, 4547478.393400000408292 ], [ 420404.411899999715388, 4547494.429199999198318 ], [ 420407.080799999646842, 4547494.713400000706315 ], [ 420404.390800000168383, 4547511.44620000012219 ], [ 420401.057699999772012, 4547532.196100000292063 ], [ 420397.274299999698997, 4547556.446599999442697 ], [ 420395.06180000025779, 4547570.51549999974668 ], [ 420394.227400000207126, 4547575.780799999833107 ], [ 420391.026300000026822, 4547596.291799999773502 ], [ 420387.737200000323355, 4547617.638699999079108 ], [ 420384.10219999961555, 4547641.02559999935329 ], [ 420382.884999999776483, 4547648.320499999448657 ], [ 420381.579900000244379, 4547653.654500000178814 ], [ 420379.334999999962747, 4547660.345799999311566 ], [ 420370.901899999938905, 4547682.211200000718236 ], [ 420369.907800000160933, 4547686.025399999693036 ], [ 420368.591799999587238, 4547690.871300000697374 ], [ 420366.143699999898672, 4547698.981300000101328 ], [ 420364.948699999600649, 4547702.395300000905991 ], [ 420363.9057, 4547704.782199999317527 ], [ 420362.059700000099838, 4547708.700200000777841 ], [ 420360.278699999675155, 4547712.594200000166893 ], [ 420358.776700000278652, 4547717.849199999123812 ], [ 420357.303600000217557, 4547722.292099999263883 ], [ 420357.086400000378489, 4547723.05210000090301 ], [ 420354.720599999651313, 4547734.542099999263883 ], [ 420354.423499999567866, 4547739.199100000783801 ], [ 420354.884399999864399, 4547754.548000000417233 ], [ 420355.7204, 4547762.638000000268221 ], [ 420356.749400000087917, 4547770.831000000238419 ], [ 420356.793100000359118, 4547771.451099999248981 ], [ 420356.860999999567866, 4547772.4145 ], [ 420356.931400000117719, 4547773.414300000295043 ], [ 420357.161399999633431, 4547776.683900000527501 ], [ 420350.747299999929965, 4547775.655999999493361 ], [ 420349.404199999757111, 4547806.142799999564886 ], [ 420347.983099999837577, 4547823.503399999812245 ], [ 420347.466699999757111, 4547829.813200000673532 ], [ 420346.926099999807775, 4547836.4156 ], [ 420347.019000000320375, 4547839.058599999174476 ], [ 420356.419900000095367, 4547865.82149999961257 ], [ 420357.567099999636412, 4547865.586500000208616 ], [ 420357.991899999789894, 4547866.666500000283122 ], [ 420357.449900000356138, 4547867.345499999821186 ], [ 420358.868900000117719, 4547870.040400000289083 ], [ 420363.731800000183284, 4547879.48340000025928 ], [ 420368.149799999780953, 4547885.847400000318885 ], [ 420371.54079999960959, 4547883.569399999454618 ], [ 420374.796799999661744, 4547879.597400000318885 ], [ 420377.861800000071526, 4547881.8684 ], [ 420369.138700000010431, 4547889.4364 ], [ 420375.687699999660254, 4547896.938300000503659 ], [ 420383.431800000369549, 4547904.50029999949038 ], [ 420389.660799999721348, 4547909.712200000882149 ], [ 420395.399699999950826, 4547913.60219999961555 ], [ 420402.181699999608099, 4547918.987199999392033 ], [ 420402.525600000284612, 4547918.58420000039041 ], [ 420411.051599999889731, 4547925.796 ], [ 420412.568699999712408, 4547926.954199999570847 ], [ 420413.6727, 4547925.962200000882149 ], [ 420430.638600000180304, 4547939.073899999260902 ], [ 420439.730600000359118, 4547947.255100000649691 ], [ 420444.149600000120699, 4547951.176000000908971 ], [ 420444.485600000247359, 4547951.455 ], [ 420446.997499999590218, 4547949.176999999210238 ], [ 420448.230700000189245, 4547948.125 ], [ 420461.567499999888241, 4547959.801899999380112 ], [ 420464.373700000345707, 4547962.046 ], [ 420466.095700000412762, 4547963.924900000914931 ], [ 420466.980499999597669, 4547966.357899999246001 ], [ 420465.371500000357628, 4547967.630899999290705 ], [ 420475.083399999886751, 4547981.492900000885129 ], [ 420476.327399999834597, 4547980.852800000458956 ], [ 420478.349399999715388, 4547983.943900000303984 ], [ 420479.623399999924004, 4547983.159900000318885 ], [ 420483.259399999864399, 4547988.159800000488758 ], [ 420483.058400000445545, 4547988.306800000369549 ], [ 420487.028400000184774, 4547993.659800000488758 ], [ 420489.618400000035763, 4547995.043800000101328 ], [ 420487.589399999938905, 4547996.682800000533462 ], [ 420489.182300000451505, 4547999.412699999287724 ], [ 420488.080299999564886, 4548000.259700000286102 ], [ 420493.159300000406802, 4548008.216700000688434 ], [ 420493.143299999646842, 4548009.852700000628829 ], [ 420502.974299999885261, 4548025.966700000688434 ], [ 420504.243200000375509, 4548025.386700000613928 ], [ 420511.355200000107288, 4548037.051400000229478 ], [ 420514.028199999593198, 4548035.426400000229478 ], [ 420515.3432, 4548037.671599999070168 ], [ 420512.70920000039041, 4548039.198599999770522 ], [ 420517.795099999755621, 4548048.005599999800324 ], [ 420517.660099999979138, 4548048.645600000396371 ], [ 420516.172100000083447, 4548049.686499999836087 ], [ 420526.253100000321865, 4548067.295399999246001 ], [ 420532.339100000448525, 4548077.998400000855327 ], [ 420543.523900000378489, 4548096.949300000444055 ], [ 420551.794700000435114, 4548111.326999999582767 ], [ 420553.782800000160933, 4548114.782800000160933 ], [ 420555.394799999892712, 4548117.585100000724196 ], [ 420561.92090000025928, 4548114.835200000554323 ], [ 420574.137699999846518, 4548139.584000000730157 ], [ 420577.660699999891222, 4548146.653000000864267 ], [ 420581.902700000442564, 4548155.352 ], [ 420580.957700000144541, 4548155.705 ], [ 420580.034599999897182, 4548156.323000000789762 ], [ 420579.366600000299513, 4548157.300000000745058 ], [ 420579.375599999912083, 4548158.176000000908971 ], [ 420579.96860000025481, 4548158.862999999895692 ], [ 420580.82660000026226, 4548158.505000000819564 ], [ 420583.67960000038147, 4548163.311899999156594 ], [ 420585.332600000314415, 4548162.566999999806285 ], [ 420592.061599999666214, 4548173.340900000184774 ], [ 420592.59360000025481, 4548173.093800000846386 ], [ 420594.321600000374019, 4548176.2039 ], [ 420592.1546, 4548177.492900000885129 ], [ 420593.450600000098348, 4548179.426899999380112 ], [ 420589.793700000271201, 4548181.664899999275804 ], [ 420596.568500000052154, 4548191.455800000578165 ], [ 420597.035500000230968, 4548191.31980000063777 ], [ 420604.354399999603629, 4548201.548599999397993 ], [ 420605.049399999901652, 4548201.086799999698997 ], [ 420616.104399999603629, 4548216.044700000435114 ], [ 420614.577399999834597, 4548217.67369999922812 ], [ 420623.425300000235438, 4548229.878599999472499 ], [ 420635.002299999818206, 4548245.379599999636412 ], [ 420632.686200000345707, 4548248.090500000864267 ], [ 420640.017199999652803, 4548254.52140000090003 ], [ 420638.158200000412762, 4548256.584499999880791 ], [ 420647.191200000233948, 4548264.987600000575185 ], [ 420648.856200000271201, 4548263.953500000759959 ], [ 420653.006000000052154, 4548267.60359999909997 ], [ 420658.89919999986887, 4548272.787399999797344 ], [ 420657.777200000360608, 4548274.301400000229478 ], [ 420667.018099999986589, 4548283.619400000199676 ], [ 420668.577100000344217, 4548283.697300000116229 ], [ 420671.8591, 4548286.941299999132752 ], [ 420687.581100000068545, 4548304.288200000301003 ], [ 420686.386900000274181, 4548305.327199999243021 ], [ 420695.326899999752641, 4548316.158099999651313 ], [ 420700.137900000438094, 4548322.509199999272823 ], [ 420710.061900000087917, 4548335.163100000470877 ], [ 420713.195899999700487, 4548340.025000000372529 ], [ 420719.038900000043213, 4548349.541999999433756 ], [ 420722.288800000213087, 4548354.291899999603629 ], [ 420723.081699999980628, 4548354.561000000685453 ], [ 420729.668800000101328, 4548365.48589999973774 ], [ 420730.885800000280142, 4548367.6119 ], [ 420729.397699999623001, 4548369.83390000090003 ], [ 420725.287499999627471, 4548372.212899999693036 ], [ 420723.98369999974966, 4548370.2829 ], [ 420721.480600000359118, 4548371.748999999836087 ], [ 420725.810800000093877, 4548378.310799999162555 ], [ 420728.165500000119209, 4548376.956900000572205 ], [ 420726.778699999675155, 4548374.798900000751019 ], [ 420731.2027000002563, 4548372.367900000885129 ], [ 420733.393699999898672, 4548372.349899999797344 ], [ 420740.390700000338256, 4548384.44679999910295 ], [ 420731.337600000202656, 4548389.643799999728799 ], [ 420733.070600000210106, 4548393.229699999094009 ], [ 420735.191599999554455, 4548392.2127 ], [ 420734.515599999576807, 4548390.2368 ], [ 420741.636699999682605, 4548386.401799999177456 ], [ 420744.994800000451505, 4548394.794800000265241 ], [ 420746.635599999688566, 4548402.192700000479817 ], [ 420738.326500000432134, 4548403.816700000315905 ], [ 420737.864599999971688, 4548402.584699999541044 ], [ 420735.120600000023842, 4548403.2237 ], [ 420736.462500000372529, 4548408.054700000211596 ], [ 420739.116600000299513, 4548407.559699999168515 ], [ 420738.744599999859929, 4548406.015699999406934 ], [ 420747.113599999807775, 4548404.22069999948144 ], [ 420748.136500000022352, 4548409.333699999377131 ], [ 420749.152599999681115, 4548409.776699999347329 ], [ 420749.229600000195205, 4548410.288699999451637 ], [ 420748.317599999718368, 4548410.3607 ], [ 420748.626600000075996, 4548413.980599999427795 ], [ 420748.827600000426173, 4548415.520600000396371 ], [ 420740.022499999962747, 4548416.366699999198318 ], [ 420739.816499999724329, 4548414.969699999317527 ], [ 420737.480499999597669, 4548415.157600000500679 ], [ 420737.89850000012666, 4548419.032700000330806 ], [ 420749.186599999666214, 4548417.885800000280142 ], [ 420749.728500000201166, 4548424.668600000441074 ], [ 420748.103500000201166, 4548424.782600000500679 ], [ 420744.543499999679625, 4548424.951500000432134 ], [ 420744.59250000026077, 4548425.35050000064075 ], [ 420736.419400000013411, 4548425.753599999472499 ], [ 420736.546000000089407, 4548427.346799999475479 ], [ 420737.001600000075996, 4548433.088899999856949 ], [ 420737.545300000347197, 4548439.941600000485778 ], [ 420738.97829999960959, 4548441.077500000596046 ], [ 420739.358300000429153, 4548448.55350000038743 ], [ 420738.980299999937415, 4548454.342499999329448 ], [ 420739.288399999961257, 4548463.713300000876188 ], [ 420734.30530000012368, 4548463.828500000759959 ], [ 420734.570199999958277, 4548473.480399999767542 ], [ 420736.277300000190735, 4548473.537399999797344 ], [ 420736.239199999719858, 4548485.91330000013113 ], [ 420729.349100000225008, 4548486.111500000581145 ], [ 420729.348299999721348, 4548486.191299999132752 ], [ 420727.871100000105798, 4548502.4013 ], [ 420724.816100000403821, 4548502.135299999266863 ], [ 420724.83600000012666, 4548501.236300000920892 ], [ 420723.049100000411272, 4548501.05210000090301 ], [ 420722.32079999987036, 4548510.115199999883771 ], [ 420723.918999999761581, 4548510.213199999183416 ], [ 420724.161999999545515, 4548508.674200000241399 ], [ 420726.940999999642372, 4548508.747199999168515 ], [ 420726.967000000178814, 4548508.8772 ], [ 420726.368999999947846, 4548516.452099999412894 ], [ 420725.72690000012517, 4548525.74210000038147 ], [ 420730.566800000146031, 4548540.786100000143051 ], [ 420735.702800000086427, 4548557.685000000521541 ], [ 420736.200799999758601, 4548559.412000000476837 ], [ 420737.789900000207126, 4548564.354100000113249 ], [ 420739.036700000055134, 4548570.798900000751019 ], [ 420740.903699999675155, 4548570.366900000721216 ], [ 420742.037700000219047, 4548576.536800000816584 ], [ 420742.283699999563396, 4548577.992799999192357 ], [ 420745.972599999979138, 4548596.881799999624491 ], [ 420754.389700000174344, 4548618.04869999922812 ], [ 420749.6402000002563, 4548644.781500000506639 ], [ 420745.559299999848008, 4548658.051599999889731 ], [ 420750.24930000025779, 4548659.008400000631809 ], [ 420750.41330000013113, 4548659.979399999603629 ], [ 420749.433299999684095, 4548661.086400000378489 ], [ 420743.733300000429153, 4548660.302400000393391 ], [ 420739.160400000400841, 4548672.725999999791384 ], [ 420730.842699999921024, 4548688.443 ], [ 420723.503999999724329, 4548700.325300000607967 ], [ 420721.925999999977648, 4548701.769200000911951 ], [ 420716.782999999821186, 4548714.110200000926852 ], [ 420714.977099999785423, 4548720.076199999079108 ], [ 420713.864900000393391, 4548725.621099999174476 ], [ 420713.871799999848008, 4548730.441199999302626 ], [ 420714.965900000184774, 4548741.002100000157952 ], [ 420715.637799999676645, 4548746.002000000327826 ], [ 420718.508799999952316, 4548746.673000000417233 ], [ 420707.366600000299513, 4548793.683900000527501 ], [ 420703.454599999822676, 4548793.267899999395013 ], [ 420702.030500000342727, 4548800.353800000622869 ], [ 420704.42850000038743, 4548800.820800000801682 ], [ 420704.241499999538064, 4548803.276799999177456 ], [ 420702.747499999590218, 4548803.26380000077188 ], [ 420698.317499999888241, 4548809.255799999460578 ], [ 420697.090599999763072, 4548808.745799999684095 ], [ 420695.443400000222027, 4548811.891799999400973 ], [ 420696.265399999916553, 4548812.472799999639392 ], [ 420684.95920000039041, 4548830.433700000867248 ], [ 420679.315299999900162, 4548835.467700000852346 ], [ 420672.88329999987036, 4548838.2347 ], [ 420671.050200000405312, 4548842.833699999377131 ], [ 420668.152200000360608, 4548858.844499999657273 ], [ 420664.951100000180304, 4548874.5625 ], [ 420665.949000000022352, 4548891.223400000482798 ], [ 420660.145999999716878, 4548920.558299999684095 ], [ 420652.992700000293553, 4548950.642200000584126 ], [ 420651.921699999831617, 4548950.364 ], [ 420651.137699999846518, 4548954.0472 ], [ 420652.729700000025332, 4548954.74210000038147 ], [ 420628.3454, 4549015.549799999222159 ], [ 420630.963299999944866, 4549017.524800000712276 ], [ 420630.361299999989569, 4549020.673000000417233 ], [ 420629.551300000399351, 4549027.428600000217557 ], [ 420626.301199999637902, 4549039.456700000911951 ], [ 420626.279099999926984, 4549039.436699999496341 ], [ 420621.904000000096858, 4549051.720599999651313 ], [ 420618.762099999934435, 4549068.10359999909997 ], [ 420617.557000000029802, 4549079.965500000864267 ], [ 420616.639899999834597, 4549100.3114 ], [ 420621.522900000214577, 4549100.1974 ], [ 420622.128899999894202, 4549105.2204 ], [ 420614.39780000038445, 4549105.813400000333786 ], [ 420611.972699999809265, 4549124.205299999564886 ], [ 420609.832700000144541, 4549135.124199999496341 ], [ 420609.284699999727309, 4549139.998400000855327 ], [ 420609.888700000010431, 4549146.065199999138713 ], [ 420611.456600000150502, 4549153.35219999961555 ], [ 420612.452600000426173, 4549154.144099999219179 ], [ 420614.574599999934435, 4549154.722100000828505 ], [ 420615.652700000442564, 4549158.648199999704957 ], [ 420613.96860000025481, 4549159.875199999660254 ], [ 420613.552600000053644, 4549161.61009999923408 ], [ 420613.735600000247359, 4549163.335100000724196 ], [ 420617.722500000149012, 4549171.109099999070168 ], [ 420627.677400000393391, 4549194.513000000268221 ], [ 420633.876299999654293, 4549209.8619 ], [ 420636.489099999889731, 4549216.316700000315905 ], [ 420640.8273, 4549225.192800000309944 ], [ 420641.615299999713898, 4549227.136800000444055 ], [ 420641.931300000287592, 4549229.760800000280142 ], [ 420641.5932, 4549235.374800000339746 ], [ 420642.322200000286102, 4549240.181700000539422 ], [ 420643.127199999988079, 4549243.259800000116229 ], [ 420645.501199999824166, 4549245.8366 ], [ 420652.550099999643862, 4549251.954500000923872 ], [ 420658.203099999576807, 4549256.562599999830127 ], [ 420663.425099999643862, 4549259.663699999451637 ], [ 420664.103099999949336, 4549259.3936 ], [ 420668.688099999912083, 4549261.675599999725819 ], [ 420674.990100000053644, 4549264.435699999332428 ], [ 420679.959099999628961, 4549266.624600000679493 ], [ 420682.931099999696016, 4549268.10359999909997 ], [ 420689.729100000113249, 4549269.959599999710917 ], [ 420695.272099999710917, 4549270.942500000819564 ], [ 420710.505099999718368, 4549271.038499999791384 ], [ 420740.931200000457466, 4549270.398600000888109 ], [ 420753.458999999798834, 4549270.264499999582767 ], [ 420764.667799999937415, 4549270.144300000742078 ], [ 420774.82120000012219, 4549270.035599999129772 ], [ 420774.911199999973178, 4549270.374600000679493 ], [ 420792.967199999839067, 4549270.033500000834465 ], [ 420794.445299999788404, 4549270.0055 ], [ 420809.648199999704957, 4549269.6985 ], [ 420826.114199999719858, 4549268.469499999657273 ], [ 420850.691399999894202, 4549267.514499999582767 ], [ 420850.408400000073016, 4549268.329500000923872 ], [ 420846.348299999721348, 4549279.556500000879169 ], [ 420842.893199999816716, 4549278.454500000923872 ], [ 420840.191200000233948, 4549286.033399999141693 ], [ 420859.795199999585748, 4549292.2314 ], [ 420861.996199999935925, 4549284.58559999987483 ], [ 420858.522199999541044, 4549283.528400000184774 ], [ 420861.681300000287592, 4549272.056500000879169 ], [ 420862.849299999885261, 4549267.514499999582767 ], [ 420869.143400000408292, 4549268.717499999329448 ], [ 420867.610299999825656, 4549273.439500000327826 ], [ 420889.974299999885261, 4549281.783399999141693 ], [ 420901.302199999801815, 4549286.32740000076592 ], [ 420922.192300000227988, 4549294.592399999499321 ], [ 420923.457299999892712, 4549291.497400000691414 ], [ 420964.195199999958277, 4549307.067199999466538 ], [ 420962.088200000114739, 4549311.906199999153614 ], [ 420979.877100000157952, 4549318.609200000762939 ], [ 420994.196000000461936, 4549324.482100000604987 ], [ 420997.356200000271201, 4549325.851199999451637 ], [ 421000.957200000062585, 4549328.199200000613928 ], [ 421025.47510000038892, 4549344.176999999210238 ], [ 421028.620600000023842, 4549338.622700000181794 ], [ 421032.563299999572337, 4549339.793500000610948 ], [ 421029.67949999962002, 4549348.792500000447035 ], [ 421041.874699999578297, 4549353.004200000315905 ], [ 421042.711500000208616, 4549350.840399999171495 ], [ 421050.221699999645352, 4549353.745200000703335 ], [ 421049.586900000460446, 4549355.505300000309944 ], [ 421059.513399999588728, 4549359.234099999070168 ], [ 421060.258399999700487, 4549357.349199999123812 ], [ 421064.71059999987483, 4549358.691199999302626 ], [ 421063.962799999862909, 4549361.148 ], [ 421091.618200000375509, 4549375.237700000405312 ], [ 421093.183199999853969, 4549371.904100000858307 ], [ 421090.457200000062585, 4549367.6689 ], [ 421088.187199999578297, 4549366.557 ], [ 421091.359299999661744, 4549359.083000000566244 ], [ 421101.497299999929965, 4549363.715900000184774 ], [ 421096.889399999752641, 4549373.185000000521541 ], [ 421095.783599999733269, 4549372.78999999910593 ], [ 421094.181200000457466, 4549376.06980000063777 ], [ 421097.670400000177324, 4549377.4857 ], [ 421097.25040000025183, 4549378.346699999645352 ], [ 421101.807400000281632, 4549380.580399999395013 ], [ 421101.037200000137091, 4549382.352600000798702 ], [ 421106.971599999815226, 4549385.130799999460578 ], [ 421107.703599999658763, 4549383.522099999710917 ], [ 421112.138600000180304, 4549385.626800000667572 ], [ 421110.287299999967217, 4549389.417600000277162 ], [ 421116.896099999547005, 4549393.012399999424815 ], [ 421120.4375, 4549386.350199999287724 ], [ 421123.728400000371039, 4549387.423599999397993 ], [ 421118.835900000296533, 4549397.6601 ], [ 421125.269100000150502, 4549399.975400000810623 ], [ 421124.559500000439584, 4549401.50139999948442 ], [ 421135.626299999654293, 4549405.746099999174476 ], [ 421132.127500000409782, 4549414.322100000455976 ], [ 421135.945299999788404, 4549415.389000000432134 ], [ 421135.179299999959767, 4549417.814200000837445 ], [ 421142.052400000393391, 4549420.114900000393391 ], [ 421147.412200000137091, 4549423.860999999567866 ], [ 421146.472400000318885, 4549426.391200000420213 ], [ 421149.464200000278652, 4549427.571000000461936 ], [ 421148.192200000397861, 4549430.612999999895692 ], [ 421160.90639999974519, 4549436.171499999240041 ], [ 421168.969899999909103, 4549439.204700000584126 ], [ 421172.691999999806285, 4549440.743699999526143 ], [ 421171.837899999693036, 4549444.8597 ], [ 421175.365100000053644, 4549445.425599999725819 ], [ 421176.978699999861419, 4549451.189200000837445 ], [ 421181.673100000247359, 4549451.953500000759959 ], [ 421180.825100000016391, 4549455.551599999889731 ], [ 421179.36809999961406, 4549455.3333 ], [ 421178.899100000038743, 4549457.645999999716878 ], [ 421182.063299999572337, 4549458.159199999645352 ], [ 421182.264899999834597, 4549457.3224 ], [ 421186.619300000369549, 4549457.82010000012815 ], [ 421186.712899999693036, 4549456.764599999412894 ], [ 421190.859199999831617, 4549456.835899999365211 ], [ 421193.9057, 4549456.875399999320507 ], [ 421193.654000000096858, 4549458.644400000572205 ], [ 421193.145600000396371, 4549462.215399999171495 ], [ 421194.467600000090897, 4549462.456399999558926 ], [ 421200.522699999623001, 4549463.154400000348687 ], [ 421204.234699999913573, 4549465.363399999216199 ], [ 421207.276700000278652, 4549466.79450000077486 ], [ 421206.090699999593198, 4549468.415300000458956 ], [ 421209.374699999578297, 4549471.347400000318885 ], [ 421212.08669999986887, 4549471.824400000274181 ], [ 421212.168700000271201, 4549474.384700000286102 ], [ 421213.208100000396371, 4549474.490900000557303 ], [ 421213.004099999554455, 4549476.300899999216199 ], [ 421214.99280000012368, 4549476.399700000882149 ], [ 421215.379900000058115, 4549474.540699999779463 ], [ 421220.8602, 4549474.848600000143051 ], [ 421221.923000000417233, 4549475.134400000795722 ], [ 421230.8114, 4549475.1787 ], [ 421233.629099999554455, 4549475.737800000235438 ], [ 421240.4841, 4549475.878900000825524 ], [ 421240.532100000418723, 4549477.30489999987185 ], [ 421246.95990000013262, 4549477.077500000596046 ], [ 421247.7511, 4549478.0793999992311 ], [ 421253.205799999646842, 4549477.8487 ], [ 421253.77379999961704, 4549476.8289 ], [ 421256.920099999755621, 4549476.866499999538064 ], [ 421256.95409999974072, 4549478.345499999821186 ], [ 421265.107699999585748, 4549478.220499999821186 ], [ 421265.124099999666214, 4549476.780099999159575 ], [ 421270.216000000014901, 4549476.772299999371171 ], [ 421270.331799999810755, 4549478.288499999791384 ], [ 421276.556699999608099, 4549478.246400000527501 ], [ 421276.637699999846518, 4549479.838700000196695 ], [ 421286.225700000301003, 4549479.943399999290705 ], [ 421286.217299999669194, 4549477.717499999329448 ], [ 421289.563099999912083, 4549477.652200000360608 ], [ 421295.187300000339746, 4549477.542300000786781 ], [ 421295.276600000448525, 4549479.8918999992311 ], [ 421305.793700000271201, 4549480.3465 ], [ 421305.884700000286102, 4549477.896099999547005 ], [ 421315.8114, 4549478.076199999079108 ], [ 421328.768000000156462, 4549501.280300000682473 ], [ 421334.889600000344217, 4549512.479699999094009 ], [ 421337.857499999925494, 4549520.192299999296665 ], [ 421345.225899999961257, 4549539.030999999493361 ], [ 421350.089999999850988, 4549551.397099999710917 ], [ 421352.989900000393391, 4549558.770700000226498 ], [ 421355.661299999803305, 4549565.56220000050962 ], [ 421356.436499999836087, 4549567.533600000664592 ], [ 421361.197700000368059, 4549565.941199999302626 ], [ 421365.190499999560416, 4549564.605699999257922 ], [ 421369.557400000281632, 4549564.0822 ], [ 421370.814399999566376, 4549567.001800000667572 ], [ 421371.181400000117719, 4549567.854399999603629 ], [ 421372.449699999764562, 4549570.388599999248981 ], [ 421373.24930000025779, 4549573.505799999460578 ], [ 421374.769299999810755, 4549578.072799999266863 ], [ 421377.423299999907613, 4549594.022700000554323 ], [ 421375.885200000368059, 4549602.237600000575185 ], [ 421375.526100000366569, 4549609.787599999457598 ], [ 421373.962899999693036, 4549647.900399999693036 ], [ 421372.015100000426173, 4549650.446399999782443 ], [ 421368.728199999779463, 4549655.065400000661612 ], [ 421366.2648, 4549658.5274 ], [ 421364.58629999961704, 4549660.784199999645352 ], [ 421363.78110000025481, 4549662.529699999839067 ], [ 421363.928100000135601, 4549662.535299999639392 ], [ 421365.184299999848008, 4549661.410900000482798 ], [ 421374.996299999766052, 4549655.396600000560284 ], [ 421381.300900000147521, 4549652.332599999383092 ], [ 421381.5777000002563, 4549652.043800000101328 ], [ 421390.558699999935925, 4549647.468599999323487 ], [ 421390.332700000144541, 4549647.356200000271201 ], [ 421390.943300000391901, 4549647.063999999314547 ], [ 421413.977900000289083, 4549620.056600000709295 ], [ 421424.450199999846518, 4549607.778000000864267 ], [ 421425.911999999545515, 4549606.063999999314547 ], [ 421431.506000000052154, 4549600.564200000837445 ], [ 421442.630499999970198, 4549592.564200000837445 ], [ 421443.462899999693036, 4549592.291400000452995 ], [ 421484.694799999706447, 4549571.268300000578165 ] ] ], [ [ [ 416268.031999999657273, 4543360.779899999499321 ], [ 416205.304299999959767, 4543357.643999999389052 ], [ 416205.173100000247359, 4543359.524299999698997 ], [ 416205.131199999712408, 4543360.123400000855327 ], [ 416201.057000000029802, 4543418.525499999523163 ], [ 416200.740199999883771, 4543423.0647 ], [ 416200.661000000312924, 4543424.199500000104308 ], [ 416200.599700000137091, 4543425.0757 ], [ 416201.645299999974668, 4543425.100299999117851 ], [ 416267.247999999672174, 4543426.643400000408292 ], [ 416280.199699999764562, 4543396.8542 ], [ 416282.929800000041723, 4543390.575099999085069 ], [ 416268.031999999657273, 4543360.779899999499321 ] ] ] ] } }
]
}
